B21DCAT1770,Trịnh Thị Ly,17/09/2003,Nữ,D21ATTT01,3.16
B21DCAT2657,Nguyễn Hồng Hà,05/06/2003,Nữ,D21ATTT01,2.7
B21DCAT6935,Phan Thu Trang,12/10/2003,Nữ,D21ATTT01,2.46
B21DCAT0779,Hồ Bích Vân,27/06/2003,Nữ,D21ATTT02,2.97
B21DCAT1194,Phạm Thu Thư,11/11/2003,Nữ,D21ATTT02,2.38
B21DCAT1853,Hoàng Hoàng Minh,18/03/2003,Nam,D21ATTT02,3.49
B21DCAT2790,Trương Ngọc Vinh,31/03/2003,Nam,D21ATTT02,3.96
B21DCAT4686,Lương Thu Ly,17/04/2003,Nữ,D21ATTT02,2.85
B21DCAT4793,Võ Uyên Hà,06/04/2003,Nữ,D21ATTT02,2.67
B21DCAT4801,Trương Ngọc Hoa,03/11/2003,Nữ,D21ATTT02,2.18
B21DCAT5788,Lê Minh Sơn,30/12/2003,Nam,D21ATTT02,3.98
B21DCAT6698,Trần Ngọc Minh,16/01/2003,Nam,D21ATTT02,3.14
B21DCAT7249,Phạm Hồng Thư,01/10/2003,Nữ,D21ATTT02,3.54
B21DCAT7484,Lê Gia Dũng,17/09/2003,Nam,D21ATTT02,2.57
B21DCAT7744,Phạm Hoàng Vinh,28/11/2003,Nam,D21ATTT02,3.11
B21DCAT9356,Ngô Thanh Tâm,25/03/2003,Nữ,D21ATTT02,2.45
B21DCAT2560,Đỗ Quốc Hải,11/08/2003,Nam,D21ATTT03,3.51
B21DCAT3347,Vũ Thanh Hương,09/03/2003,Nữ,D21ATTT03,3.53
B21DCAT4004,Bùi Ngọc Hương,01/06/2003,Nữ,D21ATTT03,2.42
B21DCAT6993,Hồ Khánh Hoa,02/02/2003,Nữ,D21ATTT03,2.62
B21DCAT7264,Lương Hoàng Nam,10/11/2003,Nam,D21ATTT03,3.14
B21DCAT8493,Đỗ Thảo Lan,31/01/2003,Nữ,D21ATTT03,2.81
B21DCAT1874,Trịnh Thành Cường,15/08/2003,Nam,D21ATTT04,2.24
B21DCAT2230,Đỗ Thảo Lan,15/08/2003,Nữ,D21ATTT04,0.95
B21DCAT2558,Phí Văn Hải,06/01/2003,Nam,D21ATTT04,2.48
B21DCAT3858,Đỗ Mỹ Hoa,02/09/2003,Nữ,D21ATTT04,2.19
B21DCAT5509,Lương Tuấn Sơn,21/09/2003,Nam,D21ATTT04,3.71
B21DCAT5589,Lý Thành Dũng,01/05/2003,Nam,D21ATTT04,3.73
B21DCAT6255,Đỗ Thanh Nga,08/04/2003,Nữ,D21ATTT04,3.28
B21DCAT8202,Lê Bích Linh,22/09/2003,Nữ,D21ATTT04,2.44
B21DCAT8583,Võ Thành Long,22/01/2003,Nam,D21ATTT04,3.43
B21DCAT1729,Bùi Diệu Huyền,22/11/2003,Nữ,D21ATTT05,2.28
B21DCAT3617,Phan Bảo Vinh,03/07/2003,Nam,D21ATTT05,2.3
B21DCAT5904,Đinh Khánh Nga,28/06/2003,Nữ,D21ATTT05,2.39
B21DCAT6104,Đỗ Hồng Linh,10/03/2003,Nữ,D21ATTT05,3.51
B21DCAT6701,Phí Khánh Anh,07/04/2003,Nữ,D21ATTT05,0.88
B21DCAT9520,Lương Hoàng Quân,15/06/2003,Nam,D21ATTT05,3.43
B21DCCN0349,Đinh Diệu Lan,30/08/2003,Nữ,D21CNTT01,3.04
B21DCCN0715,Trần Đức Sơn,11/05/2003,Nam,D21CNTT01,2.71
B21DCCN1115,Hoàng Công Long,14/11/2003,Nam,D21CNTT01,2.36
B21DCCN1916,Ngô Ngọc Dũng,11/02/2003,Nam,D21CNTT01,2.73
B21DCCN1961,Lương Bích Nga,01/06/2003,Nữ,D21CNTT01,2.54
B21DCCN2671,Đinh Diệu Hương,23/05/2003,Nữ,D21CNTT01,2.56
B21DCCN4085,Hồ Ngọc Linh,17/05/2003,Nữ,D21CNTT01,3.09
B21DCCN6755,Ngô Khánh Nga,31/08/2003,Nữ,D21CNTT01,2.84
B21DCCN7138,Trương Bích Châu,31/08/2003,Nữ,D21CNTT01,1.54
B21DCCN9160,Võ Khánh Lan,15/11/2003,Nữ,D21CNTT01,2.88
B21DCCN9368,Huỳnh Đức Dũng,19/02/2003,Nam,D21CNTT01,2.65
B21DCCN0920,Phan Minh Phúc,05/02/2003,Nam,D21CNTT02,0.51
B21DCCN0932,Lý Minh Hiếu,21/09/2003,Nam,D21CNTT02,2.85
B21DCCN0975,Trần Thu Vân,18/07/2003,Nữ,D21CNTT02,0.26
B21DCCN1512,Đinh Tuấn Tùng,19/02/2003,Nam,D21CNTT02,2.81
B21DCCN1679,Đỗ Bích Nga,30/12/2003,Nữ,D21CNTT02,3.33
B21DCCN3320,Lý Diệu Linh,03/08/2003,Nữ,D21CNTT02,2.97
B21DCCN3392,Trần Xuân Cường,23/08/2003,Nam,D21CNTT02,3.63
B21DCCN5427,Trương Thành Quân,25/12/2003,Nam,D21CNTT02,2.83
B21DCCN5613,Nguyễn Ngọc Châu,01/08/2003,Nữ,D21CNTT02,2.3
B21DCCN6415,Phạm Phương Mai,31/01/2003,Nữ,D21CNTT02,0.16
B21DCCN6670,Đỗ Phương Trang,24/10/2003,Nữ,D21CNTT02,2.07
B21DCCN7767,Lương Thanh Vinh,23/08/2003,Nam,D21CNTT02,1.1
B21DCCN0136,Lê Thảo Mai,18/06/2003,Nữ,D21CNTT03,2.62
B21DCCN0145,Lương Quốc Phúc,20/07/2003,Nam,D21CNTT03,3.11
B21DCCN4837,Bùi Uyên Trang,13/08/2003,Nữ,D21CNTT03,0.91
B21DCCN5867,Dương Khánh Lan,24/06/2003,Nữ,D21CNTT03,3.45
B21DCCN5934,Phạm Diệu Huyền,25/01/2003,Nữ,D21CNTT03,2.79
B21DCCN9404,Nguyễn Quốc Nam,28/11/2003,Nam,D21CNTT03,2.92
B21DCCN3217,Lương Hồng Vân,22/03/2003,Nữ,D21CNTT04,3.0
B21DCCN3739,Huỳnh Mỹ Thư,25/12/2003,Nữ,D21CNTT04,2.84
B21DCCN6809,Trương Hồng Hương,07/06/2003,Nữ,D21CNTT04,2.61
B21DCCN7218,Phí Kim Hoa,05/12/2003,Nữ,D21CNTT04,2.69
B21DCCN9979,Trần Hoàng Tùng,15/11/2003,Nam,D21CNTT04,1.8
B21DCCN1153,Hồ Khánh Huyền,12/05/2003,Nữ,D21CNTT05,2.84
B21DCCN1181,Lý Ngọc Cường,04/12/2003,Nam,D21CNTT05,1.01
B21DCCN1448,Trịnh Khánh Thư,25/03/2003,Nữ,D21CNTT05,3.43
B21DCCN4091,Dương Mỹ Vân,17/02/2003,Nữ,D21CNTT05,2.08
B21DCCN4878,Đinh Mỹ Ly,22/03/2003,Nữ,D21CNTT05,2.85
B21DCCN5498,Hoàng Khánh Hà,10/02/2003,Nữ,D21CNTT05,2.83
B21DCCN5898,Nguyễn Đức Minh,19/03/2003,Nam,D21CNTT05,3.23
B21DCCN7698,Phạm Tuấn Cường,27/01/2003,Nam,D21CNTT05,3.8
B21DCVT0888,Lê Ngọc Hà,26/04/2003,Nữ,D21DTVT01,2.19
B21DCVT1224,Bùi Ngọc Thư,08/10/2003,Nữ,D21DTVT01,1.46
B21DCVT3722,Lê Minh Tùng,09/09/2003,Nam,D21DTVT01,3.15
B21DCVT5712,Trương Công Nam,20/01/2003,Nam,D21DTVT01,2.55
B21DCVT7634,Trần Uyên Tâm,17/01/2003,Nữ,D21DTVT01,2.16
B21DCVT9411,Dương Hồng Ly,13/01/2003,Nữ,D21DTVT01,3.06
B21DCVT9659,Trịnh Phương Huyền,14/04/2003,Nữ,D21DTVT01,2.68
B21DCVT0175,Đặng Diệu Nga,19/10/2003,Nữ,D21DTVT02,3.46
B21DCVT2399,Vũ Phương Trang,30/11/2003,Nữ,D21DTVT02,2.13
B21DCVT3743,Phí Thảo Châu,23/03/2003,Nữ,D21DTVT02,3.24
B21DCVT3795,Đặng Quốc Phúc,09/08/2003,Nam,D21DTVT02,3.3
B21DCVT4514,Bùi Bảo Dũng,02/09/2003,Nam,D21DTVT02,0.76
B21DCVT5803,Phan Ngọc Hương,19/03/2003,Nữ,D21DTVT02,3.51
B21DCVT6242,Lý Thảo Linh,15/01/2003,Nữ,D21DTVT02,2.02
B21DCVT6830,Hồ Phương Hương,07/04/2003,Nữ,D21DTVT02,2.55
B21DCVT6962,Đặng Minh Vinh,09/10/2003,Nam,D21DTVT02,0.37
B21DCVT7632,Phạm Khánh Mai,11/02/2003,Nữ,D21DTVT02,3.41
B21DCVT8967,Huỳnh Phương Mai,17/03/2003,Nữ,D21DTVT02,2.67
B21DCVT2058,Trương Hồng Huyền,15/05/2003,Nữ,D21DTVT03,2.85
B21DCVT2070,Hồ Hoàng Nghĩa,23/07/2003,Nam,D21DTVT03,2.39
B21DCVT2558,Đỗ Thị Hà,08/01/2003,Nữ,D21DTVT03,2.81
B21DCVT3563,Dương Thị Lan,08/10/2003,Nữ,D21DTVT03,2.67
B21DCVT7277,Lý Phương Trang,20/09/2003,Nữ,D21DTVT03,3.35
B21DCVT0121,Phí Bảo Tùng,07/12/2003,Nam,D21DTVT04,3.98
B21DCVT1093,Dương Thu Trang,12/06/2003,Nữ,D21DTVT04,3.52
B21DCVT3216,Ngô Mỹ Ly,31/12/2003,Nữ,D21DTVT04,3.09
B21DCVT3723,Huỳnh Gia Hùng,13/07/2003,Nam,D21DTVT04,3.31
B21DCVT4836,Đỗ Phương Nga,10/09/2003,Nữ,D21DTVT04,3.5
B21DCVT4994,Huỳnh Thành Hải,04/08/2003,Nam,D21DTVT04,2.48
B21DCVT5349,Trần Thanh Tâm,29/01/2003,Nữ,D21DTVT04,2.64
B21DCVT5841,Phạm Thanh Khánh,05/02/2003,Nam,D21DTVT04,3.94
B21DCVT7219,Nguyễn Bảo Minh,02/09/2003,Nam,D21DTVT04,3.38
B21DCVT7261,Phan Ngọc Hùng,26/07/2003,Nam,D21DTVT04,0.43
B21DCVT8056,Vũ Khánh Ly,17/12/2003,Nữ,D21DTVT04,3.62
B21DCVT8753,Vũ Thanh Tâm,06/05/2003,Nữ,D21DTVT04,3.95
B21DCVT9508,Hoàng Ngọc Khánh,28/04/2003,Nam,D21DTVT04,2.62
B21DCVT0897,Đặng Ngọc Lan,27/10/2003,Nữ,D21DTVT05,2.78
B21DCVT2795,Hoàng Ngọc Quân,11/11/2003,Nam,D21DTVT05,3.51
B21DCVT3020,Hoàng Thị Tâm,30/06/2003,Nữ,D21DTVT05,3.55
B21DCVT3477,Lê Ngọc Hải,13/02/2003,Nam,D21DTVT05,2.61
B21DCVT4574,Trần Kim Linh,22/08/2003,Nữ,D21DTVT05,2.68
B21DCVT5667,Lý Gia Phúc,21/12/2003,Nam,D21DTVT05,3.39
B21DCVT6362,Dương Diệu Lan,02/10/2003,Nữ,D21DTVT05,2.05
B21DCVT6826,Huỳnh Hữu Nghĩa,25/07/2003,Nam,D21DTVT05,3.56
B21DCKT2797,Đặng Đức Vinh,03/02/2003,Nam,D21KT01,2.62
B21DCKT3283,Trịnh Gia Dũng,15/12/2003,Nam,D21KT01,3.43
B21DCKT3718,Lê Thanh Long,08/04/2003,Nam,D21KT01,2.87
B21DCKT4036,Phí Thảo Hương,09/06/2003,Nữ,D21KT01,2.07
B21DCKT5392,Ngô Ngọc Quân,21/08/2003,Nam,D21KT01,3.1
B21DCKT6720,Ngô Bảo Dũng,03/09/2003,Nam,D21KT01,3.07
B21DCKT6975,Đỗ Diệu Thư,18/09/2003,Nữ,D21KT01,2.28
B21DCKT6986,Bùi Thu Huyền,25/12/2003,Nữ,D21KT01,3.48
B21DCKT7046,Ngô Tuấn Phúc,12/08/2003,Nam,D21KT01,2.23
B21DCKT8043,Dương Quốc Quân,27/11/2003,Nam,D21KT01,2.52
B21DCKT2269,Phí Hoàng Minh,01/01/2003,Nam,D21KT02,3.17
B21DCKT2802,Ngô Gia Hiếu,12/03/2003,Nam,D21KT02,3.9
B21DCKT2858,Lương Bảo Hùng,25/02/2003,Nam,D21KT02,3.23
B21DCKT3044,Phí Thanh Hà,31/12/2003,Nữ,D21KT02,2.1
B21DCKT3862,Huỳnh Diệu Huyền,18/04/2003,Nữ,D21KT02,3.09
B21DCKT5074,Bùi Bảo Long,06/02/2003,Nam,D21KT02,2.23
B21DCKT5819,Ngô Uyên Châu,14/09/2003,Nữ,D21KT02,3.71
B21DCKT8879,Hoàng Tuấn Cường,08/05/2003,Nam,D21KT02,2.93
B21DCKT9481,Lý Hồng Linh,01/06/2003,Nữ,D21KT02,2.21
B21DCKT0716,Lý Hoàng Hiếu,17/05/2003,Nam,D21KT03,3.48
B21DCKT1010,Bùi Hữu Quân,12/12/2003,Nam,D21KT03,2.73
B21DCKT1390,Lương Tuấn Nam,05/01/2003,Nam,D21KT03,2.01
B21DCKT2818,Võ Diệu Hoa,03/09/2003,Nữ,D21KT03,3.1
B21DCKT3477,Đinh Thảo Vân,02/11/2003,Nữ,D21KT03,3.31
B21DCKT7600,Võ Thanh Trang,18/10/2003,Nữ,D21KT03,3.58
B21DCKT2106,Dương Thị Mai,11/08/2003,Nữ,D21KT04,3.19
B21DCKT2672,Nguyễn Thanh Nam,02/10/2003,Nam,D21KT04,2.74
B21DCKT4167,Huỳnh Thanh Minh,16/03/2003,Nam,D21KT04,2.53
B21DCKT6423,Phí Diệu Huyền,18/08/2003,Nữ,D21KT04,2.65
B21DCKT7257,Lê Công Hùng,17/02/2003,Nam,D21KT04,3.54
B21DCKT8600,Hồ Phương Anh,27/02/2003,Nữ,D21KT04,2.39
B21DCKT8662,Trương Hoàng Hiếu,26/01/2003,Nam,D21KT04,3.3
B21DCKT9355,Lê Ngọc Linh,26/11/2003,Nữ,D21KT04,3.29
B21DCKT0479,Huỳnh Thị Anh,07/02/2003,Nữ,D21KT05,2.68
B21DCKT2882,Phí Hoàng Hiếu,20/02/2003,Nam,D21KT05,2.4
B21DCKT3349,Dương Thị Hà,19/04/2003,Nữ,D21KT05,2.75
B21DCKT4766,Lương Khánh Hương,26/10/2003,Nữ,D21KT05,3.5
B21DCKT8093,Đinh Bảo Quân,18/01/2003,Nam,D21KT05,3.39
B21DCMK1373,Phạm Hoàng Quân,12/07/2003,Nam,D21MKT01,3.62
B21DCMK1410,Đỗ Bích Huyền,05/04/2003,Nữ,D21MKT01,3.87
B21DCMK1524,Phí Thanh Lan,25/10/2003,Nữ,D21MKT01,3.51
B21DCMK1844,Nguyễn Đức Quân,31/03/2003,Nam,D21MKT01,3.32
B21DCMK3095,Phí Thị Hà,28/09/2003,Nữ,D21MKT01,3.5
B21DCMK9631,Lương Thanh Nga,14/04/2003,Nữ,D21MKT01,3.48
B21DCMK2370,Vũ Khánh Linh,12/10/2003,Nữ,D21MKT02,2.09
B21DCMK3170,Bùi Mỹ Mai,17/10/2003,Nữ,D21MKT02,2.52
B21DCMK4567,Huỳnh Ngọc Hùng,19/03/2003,Nam,D21MKT02,2.76
B21DCMK5372,Đặng Hồng Thư,28/06/2003,Nữ,D21MKT02,3.28
B21DCMK6896,Trương Phương Mai,13/02/2003,Nữ,D21MKT02,2.9
B21DCMK7024,Bùi Tuấn Hùng,20/10/2003,Nam,D21MKT02,3.3
B21DCMK7223,Huỳnh Kim Linh,08/11/2003,Nữ,D21MKT02,2.86
B21DCMK9142,Hồ Tuấn Hùng,11/10/2003,Nam,D21MKT02,3.13
B21DCMK9598,Ngô Thành Vinh,06/08/2003,Nam,D21MKT02,2.98
B21DCMK9717,Phan Thảo Linh,20/08/2003,Nữ,D21MKT02,2.97
B21DCMK0633,Phạm Kim Trang,02/12/2003,Nữ,D21MKT03,2.5
B21DCMK1398,Ngô Gia Vinh,08/01/2003,Nam,D21MKT03,2.15
B21DCMK1551,Đỗ Hồng Anh,07/09/2003,Nữ,D21MKT03,2.99
B21DCMK5198,Đinh Khánh Linh,30/11/2003,Nữ,D21MKT03,2.79
B21DCMK8443,Đặng Thảo Anh,01/09/2003,Nữ,D21MKT03,2.51
B21DCMK9735,Dương Diệu Ly,01/12/2003,Nữ,D21MKT03,2.78
B21DCMK0281,Trần Mỹ Hà,08/03/2003,Nữ,D21MKT04,1.19
B21DCMK0469,Hồ Quốc Long,10/01/2003,Nam,D21MKT04,3.51
B21DCMK6515,Đỗ Phương Thư,24/09/2003,Nữ,D21MKT04,3.32
B21DCMK0462,Lê Thị Ly,02/11/2003,Nữ,D21MKT05,2.76
B21DCMK0542,Trịnh Thanh Vinh,23/03/2003,Nam,D21MKT05,3.15
B21DCMK1471,Vũ Hữu Nam,19/01/2003,Nam,D21MKT05,2.74
B21DCMK1492,Trần Quốc Cường,06/01/2003,Nam,D21MKT05,2.29
B21DCMK1858,Đinh Thị Lan,26/10/2003,Nữ,D21MKT05,1.9
B21DCMK3697,Ngô Đức Tùng,18/04/2003,Nam,D21MKT05,4.0
B21DCMK5286,Huỳnh Bảo Nam,26/05/2003,Nam,D21MKT05,3.41
B21DCMK5605,Dương Đức Tùng,20/05/2003,Nam,D21MKT05,3.13
B21DCMK5793,Vũ Hữu Vinh,04/08/2003,Nam,D21MKT05,3.26
B21DCMK5881,Lý Hữu Nghĩa,17/03/2003,Nam,D21MKT05,0.17
B21DCMK7060,Phạm Thảo Hoa,07/09/2003,Nữ,D21MKT05,1.68
B21DCMK7754,Trần Diệu Hoa,05/09/2003,Nữ,D21MKT05,2.41
B21DCMK9019,Trương Thảo Hương,16/07/2003,Nữ,D21MKT05,0.16
B22DCAT2539,Hồ Thành Hải,13/11/2004,Nam,D22ATTT01,2.64
B22DCAT5937,Phí Đức Quân,21/08/2004,Nam,D22ATTT01,2.01
B22DCAT7242,Hồ Thành Phúc,11/10/2004,Nam,D22ATTT01,2.86
B22DCAT8154,Lý Hồng Hương,01/12/2004,Nữ,D22ATTT01,3.16
B22DCAT8603,Huỳnh Thanh Huyền,19/04/2004,Nữ,D22ATTT01,3.54
B22DCAT8980,Trần Kim Hoa,10/03/2004,Nữ,D22ATTT01,2.97
B22DCAT9402,Huỳnh Xuân Tùng,16/11/2004,Nam,D22ATTT01,2.6
B22DCAT9734,Lê Xuân Cường,31/05/2004,Nam,D22ATTT01,2.57
B22DCAT2482,Bùi Ngọc Lan,01/03/2004,Nữ,D22ATTT02,2.8
B22DCAT7018,Dương Thị Châu,05/04/2004,Nữ,D22ATTT02,2.52
B22DCAT7679,Nguyễn Thanh Hà,29/06/2004,Nữ,D22ATTT02,2.64
B22DCAT1376,Dương Thành Hiếu,10/01/2004,Nam,D22ATTT03,1.53
B22DCAT2024,Lý Xuân Nghĩa,20/05/2004,Nam,D22ATTT03,2.95
B22DCAT2381,Huỳnh Bảo Minh,10/03/2004,Nam,D22ATTT03,3.06
B22DCAT3175,Phí Ngọc Hùng,07/09/2004,Nam,D22ATTT03,3.31
B22DCAT5664,Phí Hữu Nghĩa,01/04/2004,Nam,D22ATTT03,2.96
B22DCAT8139,Trần Ngọc Nam,28/12/2004,Nam,D22ATTT03,2.27
B22DCAT9944,Bùi Thanh Phúc,22/09/2004,Nam,D22ATTT03,2.51
B22DCAT0529,Lý Diệu Hương,21/02/2004,Nữ,D22ATTT04,3.5
B22DCAT5041,Trần Thành Vinh,01/09/2004,Nam,D22ATTT04,2.79
B22DCAT7014,Lê Khánh Mai,22/06/2004,Nữ,D22ATTT04,2.79
B22DCAT9007,Ngô Công Nam,07/06/2004,Nam,D22ATTT04,2.75
B22DCAT1279,Đinh Phương Mai,23/08/2004,Nữ,D22ATTT05,3.15
B22DCAT1390,Đặng Uyên Trang,15/07/2004,Nữ,D22ATTT05,3.08
B22DCAT1809,Lý Thanh Anh,18/11/2004,Nữ,D22ATTT05,3.54
B22DCAT3016,Bùi Bảo Nghĩa,09/10/2004,Nam,D22ATTT05,3.12
B22DCAT3378,Trương Thanh Hùng,01/03/2004,Nam,D22ATTT05,2.86
B22DCAT3553,Dương Mỹ Ly,16/09/2004,Nữ,D22ATTT05,2.07
B22DCAT6225,Nguyễn Hồng Ly,22/02/2004,Nữ,D22ATTT05,3.26
B22DCAT7272,Hoàng Đức Quân,17/12/2004,Nam,D22ATTT05,1.71
B22DCAT8288,Võ Hồng Nga,04/04/2004,Nữ,D22ATTT05,2.68
B22DCAT9021,Nguyễn Thành Minh,26/08/2004,Nam,D22ATTT05,2.44
B22DCCN2029,Hoàng Mỹ Ly,17/07/2004,Nữ,D22CNTT01,3.09
B22DCCN3013,Nguyễn Minh Dũng,05/02/2004,Nam,D22CNTT01,1.51
B22DCCN9764,Trần Thanh Khánh,01/12/2004,Nam,D22CNTT01,1.81
B22DCCN0274,Trịnh Kim Hà,30/06/2004,Nữ,D22CNTT02,2.59
B22DCCN0840,Đinh Hoàng Nam,28/07/2004,Nam,D22CNTT02,1.31
B22DCCN1695,Đinh Gia Nghĩa,05/05/2004,Nam,D22CNTT02,1.5
B22DCCN1773,Lương Mỹ Anh,14/08/2004,Nữ,D22CNTT02,2.84
B22DCCN2805,Lý Quốc Tùng,19/10/2004,Nam,D22CNTT02,2.62
B22DCCN8072,Huỳnh Thành Phúc,04/09/2004,Nam,D22CNTT02,2.61
B22DCCN9016,Phan Thành Hùng,24/03/2004,Nam,D22CNTT02,2.52
B22DCCN1111,Trịnh Đức Quân,28/11/2004,Nam,D22CNTT03,2.38
B22DCCN1341,Trương Thị Linh,26/03/2004,Nữ,D22CNTT03,2.6
B22DCCN1469,Võ Tuấn Long,07/11/2004,Nam,D22CNTT03,2.02
B22DCCN1479,Đỗ Thảo Mai,29/02/2004,Nữ,D22CNTT03,0.54
B22DCCN1604,Đặng Phương Hương,28/06/2004,Nữ,D22CNTT03,2.01
B22DCCN3583,Vũ Diệu Hoa,15/04/2004,Nữ,D22CNTT03,3.49
B22DCCN3600,Lý Hữu Long,18/01/2004,Nam,D22CNTT03,3.2
B22DCCN6180,Trần Thanh Hoa,08/04/2004,Nữ,D22CNTT03,2.67
B22DCCN7612,Phan Minh Vinh,14/01/2004,Nam,D22CNTT03,3.16
B22DCCN8206,Đinh Đức Nghĩa,22/12/2004,Nam,D22CNTT03,1.51
B22DCCN0399,Phạm Bích Hoa,12/09/2004,Nữ,D22CNTT04,2.15
B22DCCN1156,Ngô Bảo Nghĩa,11/09/2004,Nam,D22CNTT04,2.15
B22DCCN1907,Lê Công Nghĩa,24/10/2004,Nam,D22CNTT04,2.48
B22DCCN3391,Nguyễn Ngọc Khánh,04/06/2004,Nam,D22CNTT04,3.15
B22DCCN4930,Lê Hoàng Hùng,29/11/2004,Nam,D22CNTT04,2.75
B22DCCN6662,Đinh Văn Phúc,03/01/2004,Nam,D22CNTT04,2.61
B22DCCN6947,Phí Phương Thư,29/11/2004,Nữ,D22CNTT04,3.24
B22DCCN7474,Lương Thu Hoa,27/11/2004,Nữ,D22CNTT04,3.24
B22DCCN8298,Trương Ngọc Long,04/12/2004,Nam,D22CNTT04,2.79
B22DCCN8815,Trương Thanh Nam,05/06/2004,Nam,D22CNTT04,2.05
B22DCCN9063,Lê Kim Thư,27/05/2004,Nữ,D22CNTT04,2.22
B22DCCN0612,Vũ Hồng Hương,27/02/2004,Nữ,D22CNTT05,1.83
B22DCCN2631,Trần Xuân Tùng,14/03/2004,Nam,D22CNTT05,3.41
B22DCCN3287,Võ Phương Trang,28/08/2004,Nữ,D22CNTT05,1.07
B22DCCN4215,Đặng Uyên Trang,25/12/2004,Nữ,D22CNTT05,3.41
B22DCCN6222,Đặng Thảo Hương,04/07/2004,Nữ,D22CNTT05,2.82
B22DCCN6580,Đỗ Xuân Khánh,01/08/2004,Nam,D22CNTT05,2.11
B22DCCN7385,Huỳnh Thành Phúc,01/02/2004,Nam,D22CNTT05,3.46
B22DCVT0287,Lý Hữu Cường,18/05/2004,Nam,D22DTVT01,2.48
B22DCVT0851,Trịnh Bảo Hùng,30/04/2004,Nam,D22DTVT01,2.05
B22DCVT3154,Lý Tuấn Nghĩa,29/11/2004,Nam,D22DTVT01,0.74
B22DCVT4131,Đinh Diệu Mai,16/10/2004,Nữ,D22DTVT01,3.16
B22DCVT5765,Đỗ Thanh Tùng,07/01/2004,Nam,D22DTVT01,3.05
B22DCVT6150,Lương Hồng Hương,10/08/2004,Nữ,D22DTVT01,2.7
B22DCVT6613,Lý Diệu Mai,16/04/2004,Nữ,D22DTVT01,2.17
B22DCVT1012,Đỗ Khánh Nga,03/04/2004,Nữ,D22DTVT02,2.71
B22DCVT1288,Hồ Thu Lan,16/10/2004,Nữ,D22DTVT02,2.59
B22DCVT3167,Võ Thị Nga,30/01/2004,Nữ,D22DTVT02,2.68
B22DCVT3983,Đặng Thanh Cường,02/03/2004,Nam,D22DTVT02,3.49
B22DCVT4052,Trương Xuân Nam,27/06/2004,Nam,D22DTVT02,2.55
B22DCVT4930,Đỗ Thanh Khánh,23/07/2004,Nam,D22DTVT02,3.74
B22DCVT6432,Ngô Thảo Nga,25/07/2004,Nữ,D22DTVT02,2.68
B22DCVT7475,Phí Hồng Thư,14/07/2004,Nữ,D22DTVT02,3.12
B22DCVT9300,Lê Xuân Hiếu,25/03/2004,Nam,D22DTVT02,2.61
B22DCVT3310,Đặng Hữu Khánh,28/07/2004,Nam,D22DTVT03,3.87
B22DCVT4688,Phan Thanh Ly,21/05/2004,Nữ,D22DTVT03,2.2
B22DCVT6251,Đinh Thanh Linh,02/01/2004,Nữ,D22DTVT03,3.23
B22DCVT6475,Hoàng Bích Thư,26/11/2004,Nữ,D22DTVT03,0.3
B22DCVT9167,Ngô Thành Sơn,23/02/2004,Nam,D22DTVT03,2.39
B22DCVT9839,Bùi Hồng Nga,11/03/2004,Nữ,D22DTVT03,1.48
B22DCVT0001,Nguyễn Hữu Nghĩa,15/08/2004,Nam,D22DTVT04,0.2
B22DCVT7740,Nguyễn Xuân Dũng,02/10/2004,Nam,D22DTVT04,3.07
B22DCVT8599,Trần Phương Hà,21/12/2004,Nữ,D22DTVT04,2.47
B22DCVT9740,Lương Văn Nghĩa,19/07/2004,Nam,D22DTVT04,3.88
B22DCVT0118,Đỗ Thị Mai,04/07/2004,Nữ,D22DTVT05,2.18
B22DCVT2001,Phạm Hoàng Sơn,23/11/2004,Nam,D22DTVT05,3.89
B22DCVT4698,Nguyễn Ngọc Nghĩa,27/09/2004,Nam,D22DTVT05,1.99
B22DCVT5791,Nguyễn Mỹ Mai,19/08/2004,Nữ,D22DTVT05,3.58
B22DCVT6677,Trần Mỹ Vân,20/04/2004,Nữ,D22DTVT05,2.9
B22DCVT7022,Đỗ Xuân Hùng,10/11/2004,Nam,D22DTVT05,3.1
B22DCVT8783,Lương Mỹ Trang,14/08/2004,Nữ,D22DTVT05,2.31
B22DCKT0216,Phạm Thành Hiếu,02/05/2004,Nam,D22KT01,2.52
B22DCKT2909,Hoàng Thanh Hải,04/06/2004,Nam,D22KT01,1.64
B22DCKT3563,Hoàng Quốc Long,17/01/2004,Nam,D22KT01,3.05
B22DCKT4132,Hoàng Minh Khánh,11/08/2004,Nam,D22KT01,2.58
B22DCKT4652,Phan Hồng Thư,02/05/2004,Nữ,D22KT01,2.02
B22DCKT5631,Phạm Xuân Minh,05/06/2004,Nam,D22KT01,3.63
B22DCKT6132,Trương Bảo Tùng,03/12/2004,Nam,D22KT01,2.58
B22DCKT7402,Phí Hồng Hà,25/08/2004,Nữ,D22KT01,2.37
B22DCKT8043,Phan Diệu Tâm,08/07/2004,Nữ,D22KT01,3.72
B22DCKT8674,Đỗ Bích Trang,31/12/2004,Nữ,D22KT01,2.93
B22DCKT9583,Lương Thanh Phúc,17/11/2004,Nam,D22KT01,3.62
B22DCKT1067,Trương Ngọc Hùng,30/10/2004,Nam,D22KT02,3.32
B22DCKT1111,Vũ Thanh Ly,18/07/2004,Nữ,D22KT02,2.55
B22DCKT1438,Dương Thị Hương,27/05/2004,Nữ,D22KT02,0.8
B22DCKT2719,Ngô Thu Nga,08/05/2004,Nữ,D22KT02,2.13
B22DCKT3066,Phí Thanh Hương,29/12/2004,Nữ,D22KT02,3.47
B22DCKT8835,Lý Xuân Hải,27/02/2004,Nam,D22KT02,3.03
B22DCKT0123,Lê Công Tùng,16/09/2004,Nam,D22KT03,0.82
B22DCKT3938,Trần Thu Vân,02/03/2004,Nữ,D22KT03,3.18
B22DCKT9032,Lương Công Cường,05/10/2004,Nam,D22KT03,2.7
B22DCKT9326,Ngô Bích Thư,27/10/2004,Nữ,D22KT03,0.41
B22DCKT9947,Phí Thành Hiếu,21/12/2004,Nam,D22KT03,2.98
B22DCKT0143,Lương Thảo Hương,26/11/2004,Nữ,D22KT04,2.18
B22DCKT0907,Võ Uyên Lan,19/01/2004,Nữ,D22KT04,3.55
B22DCKT1891,Dương Đức Cường,13/01/2004,Nam,D22KT04,3.68
B22DCKT5169,Nguyễn Diệu Châu,12/08/2004,Nữ,D22KT04,0.89
B22DCKT5447,Lê Hoàng Khánh,16/11/2004,Nam,D22KT04,2.28
B22DCKT6622,Vũ Bảo Nghĩa,29/01/2004,Nam,D22KT04,3.51
B22DCKT8331,Hồ Kim Hoa,03/12/2004,Nữ,D22KT04,3.99
B22DCKT8741,Lý Thanh Vinh,04/09/2004,Nam,D22KT04,1.98
B22DCKT9332,Bùi Đức Hùng,17/02/2004,Nam,D22KT04,2.78
B22DCKT9440,Đặng Gia Nam,04/03/2004,Nam,D22KT04,2.92
B22DCKT9707,Lương Gia Nghĩa,29/02/2004,Nam,D22KT04,3.1
B22DCKT0047,Lương Gia Hiếu,17/07/2004,Nam,D22KT05,2.04
B22DCKT0101,Bùi Khánh Hà,12/09/2004,Nữ,D22KT05,2.28
B22DCKT0308,Đinh Ngọc Trang,12/11/2004,Nữ,D22KT05,3.63
B22DCKT0709,Huỳnh Thu Huyền,07/03/2004,Nữ,D22KT05,3.04
B22DCKT0931,Đinh Khánh Lan,06/06/2004,Nữ,D22KT05,3.39
B22DCKT4715,Võ Uyên Tâm,14/08/2004,Nữ,D22KT05,2.5
B22DCKT5715,Lê Phương Hoa,03/10/2004,Nữ,D22KT05,2.27
B22DCKT7795,Phan Bảo Quân,14/11/2004,Nam,D22KT05,2.73
B22DCQK2493,Võ Uyên Trang,04/05/2004,Nữ,D22QTKD01,3.36
B22DCQK3713,Phí Tuấn Quân,01/06/2004,Nam,D22QTKD01,3.45
B22DCQK4738,Dương Hồng Trang,25/10/2004,Nữ,D22QTKD01,3.82
B22DCQK5295,Trịnh Bích Ly,27/11/2004,Nữ,D22QTKD01,3.33
B22DCQK6651,Hồ Khánh Vân,15/03/2004,Nữ,D22QTKD01,3.31
B22DCQK8035,Đỗ Phương Lan,21/02/2004,Nữ,D22QTKD01,3.96
B22DCQK9052,Trần Công Hải,25/11/2004,Nam,D22QTKD01,3.12
B22DCQK9110,Trần Bích Thư,02/08/2004,Nữ,D22QTKD01,2.45
B22DCQK9831,Huỳnh Minh Vinh,27/12/2004,Nam,D22QTKD01,3.36
B22DCQK2155,Lương Tuấn Hải,02/06/2004,Nam,D22QTKD02,3.21
B22DCQK2557,Trần Bích Mai,07/02/2004,Nữ,D22QTKD02,3.55
B22DCQK3895,Lương Thanh Hải,25/07/2004,Nam,D22QTKD02,2.51
B22DCQK4544,Hồ Minh Minh,18/08/2004,Nam,D22QTKD02,3.13
B22DCQK4546,Lương Phương Nga,20/05/2004,Nữ,D22QTKD02,3.3
B22DCQK7060,Lý Đức Quân,20/03/2004,Nam,D22QTKD02,2.57
B22DCQK8993,Trần Thanh Cường,18/07/2004,Nam,D22QTKD02,2.2
B22DCQK0289,Trần Gia Vinh,01/03/2004,Nam,D22QTKD03,3.46
B22DCQK6119,Bùi Kim Châu,21/09/2004,Nữ,D22QTKD03,3.71
B22DCQK6587,Đinh Quốc Quân,11/09/2004,Nam,D22QTKD03,3.18
B22DCQK6981,Bùi Hữu Hải,12/05/2004,Nam,D22QTKD03,2.17
B22DCQK8748,Phí Uyên Châu,30/12/2004,Nữ,D22QTKD03,3.94
B22DCQK0353,Ngô Đức Cường,12/05/2004,Nam,D22QTKD04,2.99
B22DCQK1406,Trần Xuân Tùng,20/08/2004,Nam,D22QTKD04,2.27
B22DCQK3076,Dương Gia Vinh,23/07/2004,Nam,D22QTKD04,2.7
B22DCQK6759,Lý Thành Sơn,30/03/2004,Nam,D22QTKD04,2.54
B22DCQK6911,Lý Kim Hoa,24/05/2004,Nữ,D22QTKD04,2.83
B22DCQK8227,Phan Khánh Nga,24/03/2004,Nữ,D22QTKD04,2.1
B22DCQK8628,Bùi Ngọc Hải,15/05/2004,Nam,D22QTKD04,2.68
B22DCQK9254,Phan Xuân Vinh,25/01/2004,Nam,D22QTKD04,2.71
B22DCQK9992,Lý Xuân Cường,26/04/2004,Nam,D22QTKD04,2.1
B22DCQK0311,Dương Ngọc Châu,02/06/2004,Nữ,D22QTKD05,3.8
B22DCQK0585,Võ Mỹ Hương,15/10/2004,Nữ,D22QTKD05,2.48
B22DCQK0934,Lê Gia Sơn,20/10/2004,Nam,D22QTKD05,2.68
B22DCQK3338,Đặng Phương Tâm,15/05/2004,Nữ,D22QTKD05,2.0
B22DCQK3623,Hoàng Công Nghĩa,04/02/2004,Nam,D22QTKD05,1.34
B22DCQK5287,Đinh Uyên Hương,19/08/2004,Nữ,D22QTKD05,2.75
B22DCQK7679,Hồ Uyên Anh,09/01/2004,Nữ,D22QTKD05,1.26
B22DCQK8456,Trương Uyên Linh,13/12/2004,Nữ,D22QTKD05,2.9
B22DCQK8815,Hồ Diệu Mai,29/05/2004,Nữ,D22QTKD05,2.54
B23DCAT0386,Phạm Ngọc Hà,04/05/2005,Nữ,D23ATTT01,2.54
B23DCAT0389,Vũ Thanh Hùng,08/04/2005,Nam,D23ATTT01,3.42
B23DCAT0714,Trần Thu Anh,27/04/2005,Nữ,D23ATTT01,2.74
B23DCAT1197,Lý Hồng Hoa,25/08/2005,Nữ,D23ATTT01,1.69
B23DCAT7907,Trương Kim Huyền,23/08/2005,Nữ,D23ATTT01,3.36
B23DCAT2777,Trương Đức Cường,20/02/2005,Nam,D23ATTT02,2.83
B23DCAT3315,Trương Thanh Hải,25/08/2005,Nam,D23ATTT02,3.89
B23DCAT3594,Huỳnh Bích Tâm,27/07/2005,Nữ,D23ATTT02,3.21
B23DCAT3953,Phan Kim Hà,06/03/2005,Nữ,D23ATTT02,2.54
B23DCAT4486,Võ Tuấn Long,03/05/2005,Nam,D23ATTT02,3.35
B23DCAT5441,Phạm Bích Hà,24/01/2005,Nữ,D23ATTT02,3.75
B23DCAT5761,Lý Ngọc Thư,24/02/2005,Nữ,D23ATTT02,3.99
B23DCAT6386,Hồ Thị Thư,05/03/2005,Nữ,D23ATTT02,2.94
B23DCAT9282,Đinh Uyên Huyền,18/11/2005,Nữ,D23ATTT02,3.12
B23DCAT1111,Lê Khánh Trang,08/04/2005,Nữ,D23ATTT03,2.68
B23DCAT1902,Lý Đức Long,11/02/2005,Nam,D23ATTT03,0.69
B23DCAT4002,Võ Phương Anh,24/08/2005,Nữ,D23ATTT03,2.93
B23DCAT5987,Huỳnh Quốc Minh,07/07/2005,Nam,D23ATTT03,3.99
B23DCAT9616,Trương Bích Lan,15/10/2005,Nữ,D23ATTT03,3.67
B23DCAT1381,Trương Công Phúc,29/01/2005,Nam,D23ATTT04,3.72
B23DCAT5242,Phạm Tuấn Cường,23/03/2005,Nam,D23ATTT04,3.34
B23DCAT5420,Đỗ Thảo Hoa,02/07/2005,Nữ,D23ATTT04,2.08
B23DCAT5794,Phạm Công Khánh,12/05/2005,Nam,D23ATTT04,2.24
B23DCAT6176,Bùi Kim Huyền,14/02/2005,Nữ,D23ATTT04,2.22
B23DCAT6709,Đỗ Bích Hoa,21/01/2005,Nữ,D23ATTT04,3.59
B23DCAT9245,Lương Thu Lan,21/03/2005,Nữ,D23ATTT04,3.36
B23DCAT1229,Lý Tuấn Sơn,17/10/2005,Nam,D23ATTT05,2.79
B23DCAT1443,Bùi Thu Anh,22/12/2005,Nữ,D23ATTT05,2.24
B23DCAT2877,Phạm Tuấn Long,19/01/2005,Nam,D23ATTT05,2.86
B23DCAT5016,Huỳnh Thị Hương,15/01/2005,Nữ,D23ATTT05,3.97
B23DCAT5539,Hồ Mỹ Nga,10/08/2005,Nữ,D23ATTT05,3.85
B23DCAT6475,Nguyễn Diệu Hoa,03/12/2005,Nữ,D23ATTT05,3.34
B23DCCN0502,Phan Ngọc Ly,13/07/2005,Nữ,D23CNTT01,2.66
B23DCCN1541,Võ Văn Sơn,25/11/2005,Nam,D23CNTT01,3.8
B23DCCN1835,Võ Văn Minh,27/12/2005,Nam,D23CNTT01,3.1
B23DCCN2282,Võ Diệu Ly,27/09/2005,Nữ,D23CNTT01,2.18
B23DCCN2308,Dương Văn Hải,01/06/2005,Nam,D23CNTT01,0.84
B23DCCN4714,Đinh Ngọc Thư,10/10/2005,Nữ,D23CNTT01,2.52
B23DCCN6962,Trịnh Thảo Mai,10/12/2005,Nữ,D23CNTT01,0.97
B23DCCN7335,Lương Ngọc Vân,12/04/2005,Nữ,D23CNTT01,2.04
B23DCCN7668,Lương Thanh Hiếu,08/06/2005,Nam,D23CNTT01,2.96
B23DCCN7692,Trương Hoàng Long,01/09/2005,Nam,D23CNTT01,2.78
B23DCCN8450,Trương Hữu Hải,09/02/2005,Nam,D23CNTT01,3.69
B23DCCN9543,Phan Kim Linh,25/05/2005,Nữ,D23CNTT01,2.66
B23DCCN0907,Phí Thanh Anh,27/05/2005,Nữ,D23CNTT02,3.09
B23DCCN2087,Hồ Khánh Anh,15/12/2005,Nữ,D23CNTT02,0.15
B23DCCN4538,Đỗ Uyên Ly,27/11/2005,Nữ,D23CNTT02,3.13
B23DCCN5563,Bùi Khánh Thư,14/04/2005,Nữ,D23CNTT02,3.24
B23DCCN6482,Lý Quốc Hiếu,02/02/2005,Nam,D23CNTT02,3.23
B23DCCN7085,Phan Thu Nga,27/10/2005,Nữ,D23CNTT02,3.16
B23DCCN7096,Hoàng Hữu Khánh,01/05/2005,Nam,D23CNTT02,3.11
B23DCCN7142,Lê Uyên Lan,20/03/2005,Nữ,D23CNTT02,3.32
B23DCCN7922,Phan Uyên Lan,31/12/2005,Nữ,D23CNTT02,3.53
B23DCCN8344,Hồ Bảo Hùng,01/10/2005,Nam,D23CNTT02,3.41
B23DCCN9359,Lý Quốc Hải,07/12/2005,Nam,D23CNTT02,2.13
B23DCCN9708,Dương Khánh Thư,21/01/2005,Nữ,D23CNTT02,2.84
B23DCCN1086,Trịnh Quốc Hiếu,02/11/2005,Nam,D23CNTT03,2.67
B23DCCN1886,Phí Uyên Châu,25/03/2005,Nữ,D23CNTT03,3.22
B23DCCN1978,Phan Minh Hùng,23/11/2005,Nam,D23CNTT03,2.97
B23DCCN3027,Phạm Khánh Linh,23/07/2005,Nữ,D23CNTT03,2.56
B23DCCN3295,Bùi Thanh Nga,25/04/2005,Nữ,D23CNTT03,2.34
B23DCCN3729,Đỗ Thanh Hà,10/04/2005,Nữ,D23CNTT03,3.7
B23DCCN4318,Vũ Khánh Vân,24/10/2005,Nữ,D23CNTT03,3.47
B23DCCN4757,Trịnh Quốc Hải,12/11/2005,Nam,D23CNTT03,2.59
B23DCCN6160,Bùi Kim Hoa,26/01/2005,Nữ,D23CNTT03,3.3
B23DCCN2420,Nguyễn Thảo Anh,18/09/2005,Nữ,D23CNTT04,3.78
B23DCCN3121,Trần Bích Linh,03/12/2005,Nữ,D23CNTT04,2.08
B23DCCN4515,Lương Hồng Châu,04/09/2005,Nữ,D23CNTT04,2.76
B23DCCN4557,Hồ Hữu Cường,01/07/2005,Nam,D23CNTT04,3.22
B23DCCN5403,Đỗ Thị Trang,20/08/2005,Nữ,D23CNTT04,3.06
B23DCCN8287,Phan Hữu Tùng,22/12/2005,Nam,D23CNTT04,3.11
B23DCCN2235,Đỗ Ngọc Trang,28/06/2005,Nữ,D23CNTT05,3.56
B23DCCN2487,Lương Thu Nga,29/01/2005,Nữ,D23CNTT05,3.57
B23DCCN8050,Đặng Phương Hà,23/11/2005,Nữ,D23CNTT05,2.48
B23DCCN8227,Phí Thu Vân,04/04/2005,Nữ,D23CNTT05,1.7
B23DCCN9408,Vũ Ngọc Trang,03/11/2005,Nữ,D23CNTT05,0.37
B23DCVT0041,Đặng Mỹ Nga,04/01/2005,Nữ,D23DTVT01,3.32
B23DCVT0121,Hoàng Diệu Lan,28/11/2005,Nữ,D23DTVT01,2.52
B23DCVT5464,Lý Phương Nga,27/04/2005,Nữ,D23DTVT01,3.71
B23DCVT5926,Võ Minh Minh,10/08/2005,Nam,D23DTVT01,2.2
B23DCVT1653,Trương Kim Châu,09/11/2005,Nữ,D23DTVT02,2.23
B23DCVT2224,Dương Ngọc Vinh,25/01/2005,Nam,D23DTVT02,2.69
B23DCVT2686,Bùi Thanh Vân,24/09/2005,Nữ,D23DTVT02,2.15
B23DCVT3449,Lê Hồng Trang,13/04/2005,Nữ,D23DTVT02,1.84
B23DCVT4223,Nguyễn Bảo Nghĩa,06/10/2005,Nam,D23DTVT02,2.83
B23DCVT4678,Huỳnh Diệu Tâm,26/02/2005,Nữ,D23DTVT02,2.48
B23DCVT6166,Hoàng Bảo Dũng,17/10/2005,Nam,D23DTVT02,3.24
B23DCVT6643,Trần Gia Sơn,07/03/2005,Nam,D23DTVT02,3.48
B23DCVT7110,Lương Xuân Long,06/11/2005,Nam,D23DTVT02,2.97
B23DCVT8306,Ngô Kim Hà,28/03/2005,Nữ,D23DTVT02,3.66
B23DCVT0661,Hoàng Văn Tùng,27/08/2005,Nam,D23DTVT03,2.87
B23DCVT0838,Võ Phương Hà,20/10/2005,Nữ,D23DTVT03,2.14
B23DCVT3294,Phạm Diệu Huyền,05/06/2005,Nữ,D23DTVT03,3.19
B23DCVT3743,Lý Diệu Hương,06/10/2005,Nữ,D23DTVT03,3.21
B23DCVT3912,Bùi Xuân Hiếu,06/03/2005,Nam,D23DTVT03,2.97
B23DCVT5452,Lý Mỹ Hương,02/07/2005,Nữ,D23DTVT03,3.27
B23DCVT0018,Phí Công Khánh,19/03/2005,Nam,D23DTVT04,3.39
B23DCVT1582,Đỗ Quốc Dũng,26/05/2005,Nam,D23DTVT04,3.24
B23DCVT3042,Bùi Uyên Linh,03/04/2005,Nữ,D23DTVT04,2.33
B23DCVT8083,Trương Diệu Anh,03/09/2005,Nữ,D23DTVT04,2.85
B23DCVT9259,Phí Thu Huyền,01/11/2005,Nữ,D23DTVT04,2.91
B23DCVT9522,Phạm Thị Huyền,20/02/2005,Nữ,D23DTVT04,3.49
B23DCVT3529,Vũ Xuân Cường,02/04/2005,Nam,D23DTVT05,2.73
B23DCVT4039,Trần Thảo Nga,03/07/2005,Nữ,D23DTVT05,3.04
B23DCVT5964,Phan Hồng Hương,15/05/2005,Nữ,D23DTVT05,0.99
B23DCVT6011,Nguyễn Minh Vinh,06/12/2005,Nam,D23DTVT05,2.27
B23DCVT6669,Trương Thanh Nghĩa,09/12/2005,Nam,D23DTVT05,2.14
B23DCVT8208,Trần Uyên Huyền,20/03/2005,Nữ,D23DTVT05,3.47
B23DCVT9373,Trịnh Công Nghĩa,27/12/2005,Nam,D23DTVT05,3.12
B23DCKT0075,Đặng Ngọc Linh,25/09/2005,Nữ,D23KT01,1.65
B23DCKT1185,Võ Thành Khánh,25/08/2005,Nam,D23KT01,3.33
B23DCKT1738,Hồ Thanh Tâm,05/02/2005,Nữ,D23KT01,3.52
B23DCKT1828,Phan Gia Hiếu,29/12/2005,Nam,D23KT01,0.89
B23DCKT3974,Võ Ngọc Mai,13/01/2005,Nữ,D23KT01,3.45
B23DCKT4469,Trương Quốc Sơn,22/06/2005,Nam,D23KT01,2.94
B23DCKT5116,Phí Mỹ Thư,12/03/2005,Nữ,D23KT01,1.46
B23DCKT8285,Trương Thảo Nga,20/12/2005,Nữ,D23KT01,2.07
B23DCKT9367,Phạm Mỹ Châu,23/06/2005,Nữ,D23KT01,2.68
B23DCKT9707,Vũ Minh Cường,22/11/2005,Nam,D23KT01,2.25
B23DCKT3003,Ngô Công Nghĩa,12/07/2005,Nam,D23KT02,3.24
B23DCKT3982,Phan Gia Hiếu,15/03/2005,Nam,D23KT02,2.53
B23DCKT5238,Lê Kim Hoa,23/04/2005,Nữ,D23KT02,2.35
B23DCKT6024,Lê Phương Hà,08/11/2005,Nữ,D23KT02,2.48
B23DCKT8102,Đỗ Hoàng Nam,17/09/2005,Nam,D23KT02,3.78
B23DCKT9746,Lê Hoàng Quân,06/12/2005,Nam,D23KT02,3.93
B23DCKT1893,Đỗ Thành Cường,21/12/2005,Nam,D23KT03,0.21
B23DCKT3665,Lý Thanh Linh,16/04/2005,Nữ,D23KT03,2.82
B23DCKT4978,Lý Đức Khánh,20/05/2005,Nam,D23KT03,3.22
B23DCKT7436,Võ Thanh Anh,02/09/2005,Nữ,D23KT03,3.01
B23DCKT8462,Lý Diệu Mai,23/10/2005,Nữ,D23KT03,3.38
B23DCKT0641,Đỗ Quốc Nghĩa,30/06/2005,Nam,D23KT04,2.24
B23DCKT4655,Lương Ngọc Hương,31/07/2005,Nữ,D23KT04,0.3
B23DCKT4935,Đặng Thu Tâm,27/11/2005,Nữ,D23KT04,3.11
B23DCKT5030,Đặng Thanh Nghĩa,05/09/2005,Nam,D23KT04,2.83
B23DCKT6249,Phan Ngọc Ly,14/05/2005,Nữ,D23KT04,3.55
B23DCKT6847,Lê Thành Minh,10/03/2005,Nam,D23KT04,0.46
B23DCKT0962,Hoàng Minh Quân,15/09/2005,Nam,D23KT05,3.18
B23DCKT1012,Lê Uyên Hương,23/12/2005,Nữ,D23KT05,3.92
B23DCKT2857,Đỗ Tuấn Phúc,05/08/2005,Nam,D23KT05,0.01
B23DCKT5470,Bùi Minh Hùng,30/05/2005,Nam,D23KT05,2.13
B23DCKT5839,Đinh Tuấn Dũng,15/12/2005,Nam,D23KT05,2.58
B23DCKT6095,Phan Hữu Hùng,31/05/2005,Nam,D23KT05,2.06
B23DCKT6173,Đỗ Xuân Nghĩa,26/08/2005,Nam,D23KT05,2.73
B23DCKT7919,Vũ Hữu Vinh,07/01/2005,Nam,D23KT05,2.79
B23DCKT9037,Trần Ngọc Nga,11/02/2005,Nữ,D23KT05,2.55
B23DCTM0383,Huỳnh Bảo Dũng,22/04/2005,Nam,D23TMDT01,2.54
B23DCTM1134,Trương Thành Dũng,21/05/2005,Nam,D23TMDT01,2.12
B23DCTM1684,Phạm Đức Nam,06/01/2005,Nam,D23TMDT01,2.82
B23DCTM1806,Đặng Diệu Ly,26/05/2005,Nữ,D23TMDT01,1.22
B23DCTM1874,Đinh Thành Nam,22/01/2005,Nam,D23TMDT01,3.27
B23DCTM2147,Trương Gia Khánh,06/11/2005,Nam,D23TMDT01,3.99
B23DCTM2549,Hồ Thị Hà,15/02/2005,Nữ,D23TMDT01,3.91
B23DCTM2613,Huỳnh Thu Ly,02/06/2005,Nữ,D23TMDT01,2.02
B23DCTM3612,Hoàng Gia Hùng,12/01/2005,Nam,D23TMDT01,3.94
B23DCTM4101,Hồ Hữu Khánh,22/03/2005,Nam,D23TMDT01,3.86
B23DCTM5486,Phí Thành Minh,14/11/2005,Nam,D23TMDT01,2.45
B23DCTM8290,Hoàng Đức Hiếu,13/01/2005,Nam,D23TMDT01,3.56
B23DCTM3742,Phan Thanh Minh,19/07/2005,Nam,D23TMDT02,2.01
B23DCTM3778,Phí Thảo Thư,12/09/2005,Nữ,D23TMDT02,3.9
B23DCTM4478,Đinh Diệu Vân,12/10/2005,Nữ,D23TMDT02,3.15
B23DCTM6402,Trương Thị Vân,06/06/2005,Nữ,D23TMDT02,3.22
B23DCTM6726,Vũ Bảo Khánh,31/07/2005,Nam,D23TMDT02,3.77
B23DCTM8477,Huỳnh Diệu Hoa,24/06/2005,Nữ,D23TMDT02,3.1
B23DCTM0434,Lương Hoàng Minh,15/12/2005,Nam,D23TMDT03,3.13
B23DCTM0466,Dương Ngọc Vân,13/05/2005,Nữ,D23TMDT03,2.67
B23DCTM1099,Lương Phương Châu,22/08/2005,Nữ,D23TMDT03,3.47
B23DCTM1391,Đặng Khánh Nga,06/03/2005,Nữ,D23TMDT03,3.9
B23DCTM2379,Phí Thanh Anh,16/09/2005,Nữ,D23TMDT03,2.71
B23DCTM3673,Hồ Thảo Hà,02/01/2005,Nữ,D23TMDT03,3.46
B23DCTM6290,Lý Thành Long,13/12/2005,Nam,D23TMDT03,3.0
B23DCTM1865,Phí Gia Nghĩa,23/04/2005,Nam,D23TMDT04,2.67
B23DCTM1973,Đinh Ngọc Hiếu,15/01/2005,Nam,D23TMDT04,1.27
B23DCTM2838,Vũ Văn Long,13/11/2005,Nam,D23TMDT04,2.44
B23DCTM3892,Lương Bích Hoa,11/11/2005,Nữ,D23TMDT04,3.35
B23DCTM6094,Võ Gia Tùng,01/11/2005,Nam,D23TMDT04,3.43
B23DCTM6774,Hồ Đức Quân,22/01/2005,Nam,D23TMDT04,3.1
B23DCTM9175,Đinh Thị Lan,26/07/2005,Nữ,D23TMDT04,2.5
B23DCTM9789,Đặng Thị Ly,22/03/2005,Nữ,D23TMDT04,3.57
B23DCTM0051,Võ Thảo Nga,20/06/2005,Nữ,D23TMDT05,2.69
B23DCTM1057,Hoàng Hữu Vinh,23/04/2005,Nam,D23TMDT05,2.32
B23DCTM1608,Trương Hoàng Hùng,24/02/2005,Nam,D23TMDT05,3.29
B23DCTM3948,Lý Công Nghĩa,02/09/2005,Nam,D23TMDT05,3.31
B23DCTM4653,Lý Đức Cường,10/08/2005,Nam,D23TMDT05,3.22
B23DCTM5533,Lương Gia Hùng,17/12/2005,Nam,D23TMDT05,3.78
B24DCAI4255,Trương Hồng Tâm,26/03/2006,Nữ,D24AI01,2.85
B24DCAI4405,Trương Quốc Dũng,25/07/2006,Nam,D24AI01,3.97
B24DCAI5711,Lương Bích Linh,23/09/2006,Nữ,D24AI01,2.05
B24DCAI7979,Lý Đức Nghĩa,21/05/2006,Nam,D24AI01,2.25
B24DCAI8998,Phạm Công Quân,24/07/2006,Nam,D24AI01,3.65
B24DCAI9275,Hoàng Thanh Vinh,10/10/2006,Nam,D24AI01,0.51
B24DCAI0489,Đỗ Thị Lan,18/05/2006,Nữ,D24AI02,2.43
B24DCAI1432,Lý Thành Nghĩa,30/03/2006,Nam,D24AI02,2.54
B24DCAI2721,Lê Bích Mai,07/04/2006,Nữ,D24AI02,2.51
B24DCAI3806,Phí Bảo Minh,19/04/2006,Nam,D24AI02,2.6
B24DCAI4812,Đỗ Đức Khánh,11/09/2006,Nam,D24AI02,2.95
B24DCAI5578,Võ Thành Sơn,03/01/2006,Nam,D24AI02,2.55
B24DCAI6136,Lương Văn Dũng,21/07/2006,Nam,D24AI02,3.9
B24DCAI6151,Phí Ngọc Linh,13/06/2006,Nữ,D24AI02,3.3
B24DCAI6565,Trịnh Thành Vinh,10/01/2006,Nam,D24AI02,3.11
B24DCAI8086,Đặng Ngọc Hoa,13/09/2006,Nữ,D24AI02,2.05
B24DCAI0739,Trịnh Ngọc Mai,28/08/2006,Nữ,D24AI03,2.13
B24DCAI0942,Trịnh Thị Lan,17/03/2006,Nữ,D24AI03,3.5
B24DCAI1166,Đinh Minh Cường,14/05/2006,Nam,D24AI03,2.21
B24DCAI1775,Hoàng Thảo Huyền,24/01/2006,Nữ,D24AI03,3.06
B24DCAI2395,Phí Quốc Cường,08/11/2006,Nam,D24AI03,2.28
B24DCAI3011,Đỗ Xuân Hiếu,17/10/2006,Nam,D24AI03,3.38
B24DCAI3651,Phạm Khánh Hà,23/05/2006,Nữ,D24AI03,2.23
B24DCAI4800,Huỳnh Ngọc Trang,12/06/2006,Nữ,D24AI03,3.36
B24DCAI5489,Võ Thành Phúc,24/06/2006,Nam,D24AI03,3.05
B24DCAI6553,Lương Khánh Vân,14/12/2006,Nữ,D24AI03,2.32
B24DCAI7278,Trịnh Kim Ly,13/06/2006,Nữ,D24AI03,3.13
B24DCAI8191,Hoàng Xuân Nghĩa,31/03/2006,Nam,D24AI03,2.76
B24DCAI2067,Dương Quốc Phúc,02/12/2006,Nam,D24AI04,1.19
B24DCAI2319,Bùi Thảo Tâm,10/02/2006,Nữ,D24AI04,2.44
B24DCAI2787,Hồ Thị Vân,17/04/2006,Nữ,D24AI04,2.87
B24DCAI2860,Đặng Thị Châu,12/04/2006,Nữ,D24AI04,3.76
B24DCAI3263,Huỳnh Diệu Hương,23/08/2006,Nữ,D24AI04,2.06
B24DCAI5529,Phan Khánh Thư,04/02/2006,Nữ,D24AI04,3.81
B24DCAI6514,Dương Gia Khánh,23/10/2006,Nam,D24AI04,3.08
B24DCAI7314,Huỳnh Tuấn Cường,03/08/2006,Nam,D24AI04,2.44
B24DCAI7777,Trịnh Thanh Nga,06/11/2006,Nữ,D24AI04,2.62
B24DCAI9383,Bùi Đức Minh,28/02/2006,Nam,D24AI04,2.53
B24DCAI2262,Nguyễn Ngọc Nga,19/11/2006,Nữ,D24AI05,2.62
B24DCAI3983,Đỗ Kim Thư,10/01/2006,Nữ,D24AI05,3.25
B24DCAI5211,Phan Thanh Nghĩa,19/01/2006,Nam,D24AI05,3.23
B24DCAI8602,Ngô Thu Huyền,26/04/2006,Nữ,D24AI05,3.63
B24DCAI9084,Lý Uyên Ly,18/06/2006,Nữ,D24AI05,2.51
B24DCAT4060,Đỗ Bích Mai,05/12/2006,Nữ,D24ATTT01,2.28
B24DCAT7723,Lý Hồng Châu,14/05/2006,Nữ,D24ATTT01,2.71
B24DCAT8873,Phạm Bích Hương,26/11/2006,Nữ,D24ATTT01,0.92
B24DCAT9059,Lý Thành Tùng,15/06/2006,Nam,D24ATTT01,2.97
B24DCAT9875,Ngô Hữu Cường,23/06/2006,Nam,D24ATTT01,3.18
B24DCAT0935,Trần Bảo Tùng,29/07/2006,Nam,D24ATTT02,3.01
B24DCAT2087,Bùi Ngọc Lan,11/03/2006,Nữ,D24ATTT02,2.38
B24DCAT2805,Hoàng Uyên Vân,24/03/2006,Nữ,D24ATTT02,3.41
B24DCAT2984,Lương Thảo Tâm,16/09/2006,Nữ,D24ATTT02,2.74
B24DCAT6784,Dương Thanh Quân,05/10/2006,Nam,D24ATTT02,3.0
B24DCAT6939,Phạm Phương Thư,25/12/2006,Nữ,D24ATTT02,3.42
B24DCAT7756,Lê Diệu Trang,06/10/2006,Nữ,D24ATTT02,3.46
B24DCAT8418,Bùi Mỹ Huyền,21/09/2006,Nữ,D24ATTT02,1.87
B24DCAT9406,Hồ Mỹ Lan,28/03/2006,Nữ,D24ATTT02,1.2
B24DCAT0421,Bùi Diệu Châu,09/11/2006,Nữ,D24ATTT03,2.6
B24DCAT1868,Phan Văn Tùng,27/02/2006,Nam,D24ATTT03,2.78
B24DCAT4165,Lương Quốc Quân,13/07/2006,Nam,D24ATTT03,1.07
B24DCAT4561,Bùi Quốc Quân,09/10/2006,Nam,D24ATTT03,2.7
B24DCAT4724,Lê Thanh Thư,06/04/2006,Nữ,D24ATTT03,3.58
B24DCAT7189,Đỗ Bích Huyền,20/08/2006,Nữ,D24ATTT03,3.06
B24DCAT8087,Dương Minh Khánh,09/01/2006,Nam,D24ATTT03,0.63
B24DCAT9230,Võ Thanh Linh,19/03/2006,Nữ,D24ATTT03,2.92
B24DCAT9444,Phan Hoàng Long,28/12/2006,Nam,D24ATTT03,2.98
B24DCAT0130,Nguyễn Tuấn Phúc,31/01/2006,Nam,D24ATTT04,2.61
B24DCAT0739,Nguyễn Gia Hiếu,08/01/2006,Nam,D24ATTT04,2.71
B24DCAT2090,Phan Quốc Minh,02/08/2006,Nam,D24ATTT04,3.94
B24DCAT2752,Ngô Quốc Minh,11/06/2006,Nam,D24ATTT04,2.33
B24DCAT3868,Trịnh Thảo Vân,18/01/2006,Nữ,D24ATTT04,2.72
B24DCAT7203,Trịnh Văn Khánh,05/05/2006,Nam,D24ATTT04,2.76
B24DCAT7644,Đỗ Kim Hoa,06/08/2006,Nữ,D24ATTT04,2.67
B24DCAT1447,Lý Quốc Nghĩa,29/05/2006,Nam,D24ATTT05,2.45
B24DCAT2603,Trịnh Uyên Hoa,26/02/2006,Nữ,D24ATTT05,3.01
B24DCAT3887,Hồ Ngọc Sơn,20/11/2006,Nam,D24ATTT05,3.02
B24DCAT4075,Ngô Ngọc Nga,12/03/2006,Nữ,D24ATTT05,2.64
B24DCAT4222,Đỗ Bảo Cường,13/07/2006,Nam,D24ATTT05,3.44
B24DCAT4430,Lý Thanh Hiếu,08/01/2006,Nam,D24ATTT05,3.18
B24DCAT6286,Dương Hồng Mai,12/04/2006,Nữ,D24ATTT05,3.12
B24DCCN3236,Hoàng Thị Hà,30/09/2006,Nữ,D24CNTT01,3.26
B24DCCN3917,Hoàng Hoàng Minh,05/12/2006,Nam,D24CNTT01,3.4
B24DCCN4283,Đặng Uyên Ly,25/11/2006,Nữ,D24CNTT01,3.88
B24DCCN4292,Hồ Thảo Mai,25/02/2006,Nữ,D24CNTT01,2.91
B24DCCN4746,Lê Hữu Minh,01/10/2006,Nam,D24CNTT01,3.02
B24DCCN4826,Võ Thu Anh,08/10/2006,Nữ,D24CNTT01,2.0
B24DCCN5380,Hồ Bảo Tùng,23/03/2006,Nam,D24CNTT01,2.12
B24DCCN6598,Võ Công Phúc,27/08/2006,Nam,D24CNTT01,2.97
B24DCCN7905,Lê Hồng Châu,18/08/2006,Nữ,D24CNTT01,2.99
B24DCCN8112,Đặng Thanh Trang,16/05/2006,Nữ,D24CNTT01,3.64
B24DCCN9133,Dương Đức Hiếu,16/07/2006,Nam,D24CNTT01,2.05
B24DCCN9521,Lý Minh Sơn,21/11/2006,Nam,D24CNTT01,2.66
B24DCCN0351,Lý Thảo Mai,18/09/2006,Nữ,D24CNTT02,0.42
B24DCCN0850,Phan Đức Sơn,16/02/2006,Nam,D24CNTT02,2.88
B24DCCN2023,Lê Kim Hoa,15/05/2006,Nữ,D24CNTT02,2.54
B24DCCN3051,Trương Gia Hiếu,24/05/2006,Nam,D24CNTT02,2.67
B24DCCN3475,Lê Uyên Lan,06/06/2006,Nữ,D24CNTT02,2.83
B24DCCN4153,Hoàng Hoàng Vinh,04/04/2006,Nam,D24CNTT02,2.17
B24DCCN4328,Đặng Mỹ Tâm,15/01/2006,Nữ,D24CNTT02,3.17
B24DCCN5999,Lương Khánh Huyền,05/01/2006,Nữ,D24CNTT02,2.74
B24DCCN6067,Dương Ngọc Dũng,09/02/2006,Nam,D24CNTT02,3.74
B24DCCN6442,Hoàng Thu Lan,21/08/2006,Nữ,D24CNTT02,3.23
B24DCCN6594,Trương Mỹ Mai,07/08/2006,Nữ,D24CNTT02,2.02
B24DCCN9065,Dương Thanh Châu,18/06/2006,Nữ,D24CNTT02,3.31
B24DCCN9971,Trương Văn Cường,08/11/2006,Nam,D24CNTT02,3.08
B24DCCN3892,Nguyễn Thị Thư,12/10/2006,Nữ,D24CNTT03,2.53
B24DCCN4045,Dương Tuấn Nghĩa,19/11/2006,Nam,D24CNTT03,3.17
B24DCCN4369,Đinh Hữu Khánh,31/01/2006,Nam,D24CNTT03,1.41
B24DCCN5722,Phí Hữu Phúc,03/08/2006,Nam,D24CNTT03,2.69
B24DCCN6137,Vũ Hoàng Long,12/11/2006,Nam,D24CNTT03,2.94
B24DCCN6674,Ngô Thanh Tùng,06/01/2006,Nam,D24CNTT03,3.58
B24DCCN6818,Nguyễn Công Dũng,17/01/2006,Nam,D24CNTT03,3.89
B24DCCN7430,Phí Phương Hà,29/01/2006,Nữ,D24CNTT03,2.08
B24DCCN7508,Phan Mỹ Anh,29/03/2006,Nữ,D24CNTT03,2.2
B24DCCN2932,Huỳnh Hữu Nam,18/05/2006,Nam,D24CNTT04,1.5
B24DCCN2985,Phan Thị Châu,06/07/2006,Nữ,D24CNTT04,2.33
B24DCCN4536,Hồ Mỹ Trang,29/08/2006,Nữ,D24CNTT04,2.51
B24DCCN4620,Hoàng Khánh Nga,29/09/2006,Nữ,D24CNTT04,3.07
B24DCCN5297,Trương Khánh Hương,21/11/2006,Nữ,D24CNTT04,2.12
B24DCCN6099,Ngô Uyên Lan,12/12/2006,Nữ,D24CNTT04,2.75
B24DCCN8145,Bùi Thu Thư,05/12/2006,Nữ,D24CNTT04,3.5
B24DCCN8202,Nguyễn Minh Long,14/05/2006,Nam,D24CNTT04,3.11
B24DCCN9242,Vũ Quốc Long,02/06/2006,Nam,D24CNTT04,2.0
B24DCCN0525,Trương Bích Ly,08/03/2006,Nữ,D24CNTT05,2.59
B24DCCN0722,Đinh Ngọc Hương,10/09/2006,Nữ,D24CNTT05,2.7
B24DCCN2809,Hồ Đức Vinh,30/10/2006,Nam,D24CNTT05,3.3
B24DCCN2937,Huỳnh Tuấn Dũng,15/12/2006,Nam,D24CNTT05,3.48
B24DCCN5442,Ngô Thành Hải,25/12/2006,Nam,D24CNTT05,2.4
B24DCCN7296,Võ Minh Sơn,23/08/2006,Nam,D24CNTT05,3.27
B24DCCN9154,Trần Phương Linh,24/04/2006,Nữ,D24CNTT05,2.11
B24DCVT0493,Trịnh Văn Vinh,17/12/2006,Nam,D24DTVT01,0.52
B24DCVT3242,Lê Thảo Hương,21/06/2006,Nữ,D24DTVT01,3.05
B24DCVT3980,Trương Phương Trang,28/09/2006,Nữ,D24DTVT01,0.33
B24DCVT5084,Ngô Hoàng Long,28/12/2006,Nam,D24DTVT01,0.41
B24DCVT6092,Đặng Thảo Hương,09/08/2006,Nữ,D24DTVT01,3.56
B24DCVT6643,Phạm Hữu Nghĩa,27/08/2006,Nam,D24DTVT01,3.18
B24DCVT7491,Đỗ Thu Tâm,21/02/2006,Nữ,D24DTVT01,2.79
B24DCVT8398,Đinh Ngọc Hà,05/11/2006,Nữ,D24DTVT01,2.9
B24DCVT9284,Phan Diệu Châu,22/05/2006,Nữ,D24DTVT01,3.5
B24DCVT0263,Phan Thành Long,05/10/2006,Nam,D24DTVT02,1.2
B24DCVT2605,Hồ Thành Khánh,11/03/2006,Nam,D24DTVT02,2.39
B24DCVT2839,Đinh Phương Linh,08/10/2006,Nữ,D24DTVT02,1.39
B24DCVT3060,Trương Ngọc Thư,10/02/2006,Nữ,D24DTVT02,2.51
B24DCVT4251,Phạm Ngọc Lan,04/05/2006,Nữ,D24DTVT02,0.56
B24DCVT4318,Đỗ Quốc Khánh,10/10/2006,Nam,D24DTVT02,3.41
B24DCVT4359,Phí Đức Dũng,22/06/2006,Nam,D24DTVT02,3.22
B24DCVT6067,Võ Hoàng Cường,21/07/2006,Nam,D24DTVT02,2.37
B24DCVT6206,Dương Thành Hùng,09/01/2006,Nam,D24DTVT02,2.86
B24DCVT6350,Lương Uyên Hà,24/12/2006,Nữ,D24DTVT02,2.15
B24DCVT7945,Trương Thanh Minh,14/10/2006,Nam,D24DTVT02,2.88
B24DCVT8179,Ngô Ngọc Hiếu,25/10/2006,Nam,D24DTVT02,3.03
B24DCVT8600,Trịnh Uyên Nga,05/05/2006,Nữ,D24DTVT02,3.51
B24DCVT9850,Vũ Đức Sơn,25/05/2006,Nam,D24DTVT02,3.44
B24DCVT0382,Đỗ Uyên Hương,17/02/2006,Nữ,D24DTVT03,2.88
B24DCVT3582,Phí Ngọc Minh,05/05/2006,Nam,D24DTVT03,3.31
B24DCVT3681,Lý Minh Dũng,15/02/2006,Nam,D24DTVT03,2.71
B24DCVT4305,Trương Đức Hiếu,01/05/2006,Nam,D24DTVT03,2.01
B24DCVT6875,Huỳnh Quốc Nghĩa,29/11/2006,Nam,D24DTVT03,3.76
B24DCVT9705,Đỗ Thành Phúc,04/03/2006,Nam,D24DTVT03,2.21
B24DCVT0729,Ngô Hoàng Cường,28/06/2006,Nam,D24DTVT04,3.76
B24DCVT1087,Lương Văn Long,19/10/2006,Nam,D24DTVT04,2.74
B24DCVT4545,Lương Hoàng Tùng,30/11/2006,Nam,D24DTVT04,2.71
B24DCVT5171,Vũ Quốc Tùng,25/04/2006,Nam,D24DTVT04,3.19
B24DCVT7625,Trương Đức Vinh,07/06/2006,Nam,D24DTVT04,2.1
B24DCVT7704,Ngô Uyên Ly,12/03/2006,Nữ,D24DTVT04,2.56
B24DCVT9542,Nguyễn Ngọc Sơn,21/06/2006,Nam,D24DTVT04,2.99
B24DCVT0293,Lý Uyên Lan,23/10/2006,Nữ,D24DTVT05,2.33
B24DCVT1554,Vũ Bích Ly,27/06/2006,Nữ,D24DTVT05,2.8
B24DCVT3728,Lý Diệu Trang,12/03/2006,Nữ,D24DTVT05,3.95
B24DCVT5096,Trần Đức Vinh,14/03/2006,Nam,D24DTVT05,3.34
B24DCVT6134,Hoàng Khánh Hương,14/07/2006,Nữ,D24DTVT05,3.77
B24DCVT6859,Dương Thảo Linh,19/05/2006,Nữ,D24DTVT05,2.08
B24DCKT1405,Vũ Thu Tâm,24/01/2006,Nữ,D24KT01,3.13
B24DCKT3007,Hoàng Ngọc Hương,24/05/2006,Nữ,D24KT01,2.95
B24DCKT4141,Trịnh Tuấn Minh,25/11/2006,Nam,D24KT01,3.81
B24DCKT5757,Hoàng Hữu Hùng,20/12/2006,Nam,D24KT01,3.39
B24DCKT6374,Phạm Thanh Vân,16/12/2006,Nữ,D24KT01,2.99
B24DCKT7983,Lương Khánh Linh,17/12/2006,Nữ,D24KT01,1.58
B24DCKT8080,Trịnh Thanh Nam,22/11/2006,Nam,D24KT01,3.1
B24DCKT8855,Lý Hoàng Phúc,19/11/2006,Nam,D24KT01,3.23
B24DCKT9167,Ngô Ngọc Anh,08/03/2006,Nữ,D24KT01,3.96
B24DCKT1697,Đinh Thanh Tùng,09/11/2006,Nam,D24KT02,2.62
B24DCKT1938,Phí Thanh Tâm,17/04/2006,Nữ,D24KT02,2.34
B24DCKT2788,Lê Diệu Châu,15/05/2006,Nữ,D24KT02,2.93
B24DCKT3123,Phạm Mỹ Hoa,06/11/2006,Nữ,D24KT02,1.8
B24DCKT5565,Lê Hồng Lan,03/12/2006,Nữ,D24KT02,3.2
B24DCKT7595,Đặng Minh Long,12/03/2006,Nam,D24KT02,3.24
B24DCKT7898,Hoàng Thành Sơn,02/04/2006,Nam,D24KT02,2.87
B24DCKT9380,Trương Kim Ly,19/11/2006,Nữ,D24KT02,3.02
B24DCKT9815,Trần Kim Châu,27/04/2006,Nữ,D24KT02,2.78
B24DCKT9844,Trần Công Long,13/12/2006,Nam,D24KT02,2.72
B24DCKT1765,Trịnh Gia Hiếu,08/02/2006,Nam,D24KT03,3.66
B24DCKT3389,Trương Thanh Hiếu,02/08/2006,Nam,D24KT03,3.35
B24DCKT4251,Lý Mỹ Thư,03/03/2006,Nữ,D24KT03,3.45
B24DCKT4455,Đinh Công Tùng,01/12/2006,Nam,D24KT03,2.02
B24DCKT7118,Trương Ngọc Cường,17/06/2006,Nam,D24KT03,2.79
B24DCKT8762,Lý Uyên Tâm,02/05/2006,Nữ,D24KT03,3.51
B24DCKT9155,Trịnh Diệu Huyền,03/03/2006,Nữ,D24KT03,3.56
B24DCKT0292,Trần Ngọc Lan,12/08/2006,Nữ,D24KT04,3.14
B24DCKT0897,Trương Quốc Khánh,14/10/2006,Nam,D24KT04,2.41
B24DCKT0940,Phan Thanh Anh,02/04/2006,Nữ,D24KT04,2.68
B24DCKT1994,Phí Hoàng Khánh,19/08/2006,Nam,D24KT04,2.04
B24DCKT5383,Hồ Gia Tùng,17/01/2006,Nam,D24KT04,1.38
B24DCKT5539,Phí Thu Mai,27/10/2006,Nữ,D24KT04,3.02
B24DCKT5698,Trương Xuân Hải,30/01/2006,Nam,D24KT04,3.36
B24DCKT5794,Phan Văn Dũng,01/04/2006,Nam,D24KT04,3.32
B24DCKT6382,Hồ Bảo Minh,15/06/2006,Nam,D24KT04,2.3
B24DCKT7011,Lý Văn Dũng,22/12/2006,Nam,D24KT04,1.3
B24DCKT7718,Hồ Thu Mai,15/01/2006,Nữ,D24KT04,3.42
B24DCKT7961,Võ Thu Hà,22/06/2006,Nữ,D24KT04,2.37
B24DCKT1190,Phí Xuân Sơn,17/10/2006,Nam,D24KT05,1.88
B24DCKT1450,Vũ Uyên Trang,25/11/2006,Nữ,D24KT05,2.19
B24DCKT2982,Võ Khánh Ly,28/04/2006,Nữ,D24KT05,3.25
B24DCKT4043,Vũ Gia Sơn,29/04/2006,Nam,D24KT05,2.39
B24DCKT4396,Hồ Thanh Nga,14/12/2006,Nữ,D24KT05,1.97
B24DCKT4472,Phí Thu Nga,23/12/2006,Nữ,D24KT05,2.14
B24DCKT4577,Bùi Hoàng Vinh,27/12/2006,Nam,D24KT05,3.37
B24DCKT4769,Ngô Khánh Mai,22/12/2006,Nữ,D24KT05,3.19
B24DCKT6533,Phí Xuân Nam,28/01/2006,Nam,D24KT05,2.07
B24DCKT7221,Hoàng Ngọc Hà,13/07/2006,Nữ,D24KT05,0.61
B24DCKT7709,Phạm Thanh Nghĩa,09/08/2006,Nam,D24KT05,2.51
B24DCKT9572,Vũ Thị Hương,06/01/2006,Nữ,D24KT05,3.57
B24DCKT9641,Đặng Hoàng Vinh,06/05/2006,Nam,D24KT05,3.84
B24DCKT9812,Bùi Thanh Nghĩa,12/02/2006,Nam,D24KT05,2.14
B24DCKT9917,Ngô Bích Vân,31/03/2006,Nữ,D24KT05,3.39
B25DCAT1770,Đỗ Tuấn Hiếu,26/12/2007,Nam,D25ATTT01,2.85
B25DCAT2050,Trương Diệu Mai,17/07/2007,Nữ,D25ATTT01,3.77
B25DCAT5248,Nguyễn Bích Tâm,30/09/2007,Nữ,D25ATTT01,3.17
B25DCAT6554,Huỳnh Công Tùng,27/11/2007,Nam,D25ATTT01,3.57
B25DCAT9271,Nguyễn Đức Sơn,27/09/2007,Nam,D25ATTT01,2.52
B25DCAT9793,Đặng Gia Tùng,07/04/2007,Nam,D25ATTT01,3.51
B25DCAT0287,Phạm Gia Phúc,18/10/2007,Nam,D25ATTT02,3.37
B25DCAT0820,Dương Kim Huyền,04/12/2007,Nữ,D25ATTT02,3.05
B25DCAT1973,Võ Đức Minh,24/09/2007,Nam,D25ATTT02,2.15
B25DCAT3094,Trần Xuân Phúc,19/05/2007,Nam,D25ATTT02,2.54
B25DCAT3373,Hồ Gia Sơn,14/03/2007,Nam,D25ATTT02,3.51
B25DCAT3626,Phạm Phương Tâm,08/07/2007,Nữ,D25ATTT02,2.56
B25DCAT5386,Lê Thu Linh,16/07/2007,Nữ,D25ATTT02,2.59
B25DCAT6072,Phan Ngọc Nghĩa,12/07/2007,Nam,D25ATTT02,2.25
B25DCAT6284,Nguyễn Thành Khánh,01/03/2007,Nam,D25ATTT02,3.42
B25DCAT6549,Trần Thu Lan,02/02/2007,Nữ,D25ATTT02,3.51
B25DCAT9217,Dương Thành Khánh,04/02/2007,Nam,D25ATTT02,3.1
B25DCAT9258,Lương Đức Vinh,09/12/2007,Nam,D25ATTT02,2.27
B25DCAT9471,Bùi Thảo Thư,31/05/2007,Nữ,D25ATTT02,2.31
B25DCAT0630,Lê Mỹ Linh,08/01/2007,Nữ,D25ATTT03,2.3
B25DCAT5984,Bùi Phương Linh,13/01/2007,Nữ,D25ATTT03,3.16
B25DCAT8169,Huỳnh Thu Hoa,05/07/2007,Nữ,D25ATTT03,2.06
B25DCAT0666,Đinh Gia Nam,14/01/2007,Nam,D25ATTT04,2.53
B25DCAT2584,Đặng Diệu Vân,20/09/2007,Nữ,D25ATTT04,1.64
B25DCAT4145,Phí Công Tùng,20/07/2007,Nam,D25ATTT04,2.0
B25DCAT5679,Lương Diệu Thư,06/02/2007,Nữ,D25ATTT04,2.92
B25DCAT5764,Bùi Thị Nga,07/06/2007,Nữ,D25ATTT04,3.07
B25DCAT5830,Hoàng Quốc Nghĩa,26/06/2007,Nam,D25ATTT04,1.41
B25DCAT1656,Phạm Thu Hoa,02/01/2007,Nữ,D25ATTT05,2.84
B25DCAT2975,Lý Mỹ Hà,19/06/2007,Nữ,D25ATTT05,2.82
B25DCAT3230,Hồ Hoàng Hải,03/07/2007,Nam,D25ATTT05,3.4
B25DCAT4283,Nguyễn Hồng Châu,26/09/2007,Nữ,D25ATTT05,3.77
B25DCAT5266,Hồ Công Nam,09/02/2007,Nam,D25ATTT05,3.27
B25DCAT5439,Đinh Kim Hương,11/05/2007,Nữ,D25ATTT05,0.55
B25DCAT5945,Lê Thành Hùng,07/04/2007,Nam,D25ATTT05,0.51
B25DCAT7005,Hoàng Ngọc Mai,11/01/2007,Nữ,D25ATTT05,3.36
B25DCAT7339,Dương Uyên Mai,16/05/2007,Nữ,D25ATTT05,1.07
B25DCCN0841,Ngô Hồng Châu,23/03/2007,Nữ,D25CNTT01,2.85
B25DCCN1729,Phí Kim Châu,14/09/2007,Nữ,D25CNTT01,2.96
B25DCCN2344,Phan Thành Hùng,18/08/2007,Nam,D25CNTT01,2.89
B25DCCN3830,Lương Văn Nghĩa,01/11/2007,Nam,D25CNTT01,1.0
B25DCCN3835,Phan Đức Hải,08/02/2007,Nam,D25CNTT01,2.87
B25DCCN6232,Ngô Bích Tâm,02/09/2007,Nữ,D25CNTT01,2.2
B25DCCN7600,Trương Văn Vinh,16/03/2007,Nam,D25CNTT01,0.43
B25DCCN7637,Lý Hoàng Nghĩa,21/06/2007,Nam,D25CNTT01,3.45
B25DCCN7780,Đặng Hữu Khánh,06/09/2007,Nam,D25CNTT01,2.87
B25DCCN9564,Trịnh Đức Minh,09/11/2007,Nam,D25CNTT01,1.96
B25DCCN0658,Phí Minh Quân,23/02/2007,Nam,D25CNTT02,3.53
B25DCCN1158,Phạm Ngọc Trang,03/02/2007,Nữ,D25CNTT02,2.31
B25DCCN2274,Phí Diệu Mai,12/04/2007,Nữ,D25CNTT02,3.56
B25DCCN4838,Lý Đức Hiếu,31/03/2007,Nam,D25CNTT02,3.59
B25DCCN5392,Phan Gia Dũng,16/08/2007,Nam,D25CNTT02,3.45
B25DCCN6812,Trần Văn Dũng,04/12/2007,Nam,D25CNTT02,2.58
B25DCCN9117,Phí Đức Quân,18/05/2007,Nam,D25CNTT02,2.55
B25DCCN9204,Phí Quốc Sơn,26/01/2007,Nam,D25CNTT02,2.85
B25DCCN0964,Dương Văn Hải,18/07/2007,Nam,D25CNTT03,3.44
B25DCCN1564,Phan Xuân Phúc,23/12/2007,Nam,D25CNTT03,2.27
B25DCCN1906,Ngô Thu Mai,19/07/2007,Nữ,D25CNTT03,3.42
B25DCCN3018,Phí Minh Tùng,08/09/2007,Nam,D25CNTT03,2.67
B25DCCN6472,Bùi Thanh Thư,04/05/2007,Nữ,D25CNTT03,2.11
B25DCCN6615,Ngô Hồng Lan,02/03/2007,Nữ,D25CNTT03,3.46
B25DCCN7904,Đặng Đức Vinh,11/10/2007,Nam,D25CNTT03,2.56
B25DCCN0225,Phạm Kim Châu,10/04/2007,Nữ,D25CNTT04,3.63
B25DCCN1937,Lý Phương Hoa,30/01/2007,Nữ,D25CNTT04,2.72
B25DCCN2725,Phan Diệu Trang,26/10/2007,Nữ,D25CNTT04,1.75
B25DCCN3394,Trương Thanh Quân,23/06/2007,Nam,D25CNTT04,3.11
B25DCCN3729,Trương Kim Huyền,24/03/2007,Nữ,D25CNTT04,2.07
B25DCCN4918,Vũ Ngọc Hiếu,01/02/2007,Nam,D25CNTT04,2.81
B25DCCN5930,Nguyễn Minh Khánh,13/05/2007,Nam,D25CNTT04,3.04
B25DCCN0557,Ngô Công Hải,31/07/2007,Nam,D25CNTT05,2.44
B25DCCN0662,Trịnh Thu Nga,24/02/2007,Nữ,D25CNTT05,2.7
B25DCCN2940,Hồ Hoàng Hùng,17/12/2007,Nam,D25CNTT05,2.39
B25DCCN3600,Ngô Công Cường,13/12/2007,Nam,D25CNTT05,0.82
B25DCCN7754,Đinh Mỹ Hà,15/08/2007,Nữ,D25CNTT05,3.42
B25DCCN8479,Võ Kim Trang,26/03/2007,Nữ,D25CNTT05,3.03
B25DCCN8550,Đặng Văn Nghĩa,18/01/2007,Nam,D25CNTT05,2.12
B25DCCN9150,Võ Văn Khánh,26/07/2007,Nam,D25CNTT05,2.15
B25DCCN9230,Trương Hoàng Quân,17/09/2007,Nam,D25CNTT05,2.04
B25DCCN9622,Lương Tuấn Nghĩa,02/05/2007,Nam,D25CNTT05,3.18
B25DCVT2188,Đỗ Tuấn Quân,15/10/2007,Nam,D25DTVT01,3.42
B25DCVT2337,Ngô Xuân Hiếu,23/10/2007,Nam,D25DTVT01,2.89
B25DCVT5221,Lương Ngọc Tùng,16/03/2007,Nam,D25DTVT01,2.05
B25DCVT6745,Nguyễn Thu Anh,08/05/2007,Nữ,D25DTVT01,2.24
B25DCVT7786,Phạm Bảo Quân,24/12/2007,Nam,D25DTVT01,2.99
B25DCVT7830,Đinh Đức Khánh,05/08/2007,Nam,D25DTVT01,2.92
B25DCVT9928,Lương Hoàng Quân,26/11/2007,Nam,D25DTVT01,1.84
B25DCVT0100,Nguyễn Thị Ly,16/01/2007,Nữ,D25DTVT02,3.55
B25DCVT3633,Hoàng Uyên Vân,25/12/2007,Nữ,D25DTVT02,3.17
B25DCVT4120,Hồ Mỹ Vân,14/05/2007,Nữ,D25DTVT02,2.88
B25DCVT4580,Võ Hữu Tùng,15/07/2007,Nam,D25DTVT02,2.13
B25DCVT5803,Đinh Minh Minh,16/03/2007,Nam,D25DTVT02,2.58
B25DCVT6441,Lý Mỹ Linh,08/08/2007,Nữ,D25DTVT02,2.88
B25DCVT7271,Ngô Bảo Hùng,21/02/2007,Nam,D25DTVT02,3.24
B25DCVT8274,Phạm Thành Minh,27/01/2007,Nam,D25DTVT02,2.67
B25DCVT9410,Đỗ Diệu Lan,30/08/2007,Nữ,D25DTVT02,3.95
B25DCVT9912,Phan Hoàng Nghĩa,08/10/2007,Nam,D25DTVT02,3.6
B25DCVT0556,Phạm Thảo Huyền,04/11/2007,Nữ,D25DTVT03,3.34
B25DCVT0868,Nguyễn Thu Thư,13/03/2007,Nữ,D25DTVT03,2.9
B25DCVT3546,Huỳnh Hoàng Long,19/09/2007,Nam,D25DTVT03,2.33
B25DCVT3870,Trương Xuân Hiếu,09/07/2007,Nam,D25DTVT03,2.82
B25DCVT4229,Bùi Thành Long,24/12/2007,Nam,D25DTVT03,3.57
B25DCVT5082,Ngô Xuân Cường,12/04/2007,Nam,D25DTVT03,2.36
B25DCVT5659,Nguyễn Bích Châu,29/09/2007,Nữ,D25DTVT03,1.8
B25DCVT6866,Trương Gia Tùng,07/05/2007,Nam,D25DTVT03,2.95
B25DCVT7325,Ngô Thanh Vân,05/02/2007,Nữ,D25DTVT03,3.79
B25DCVT7922,Lý Khánh Nga,12/11/2007,Nữ,D25DTVT03,3.72
B25DCVT9071,Hồ Kim Thư,01/09/2007,Nữ,D25DTVT03,3.08
B25DCVT9191,Phạm Thanh Châu,28/12/2007,Nữ,D25DTVT03,2.59
B25DCVT9889,Lý Hoàng Vinh,24/01/2007,Nam,D25DTVT03,2.58
B25DCVT1012,Trương Thảo Hà,30/06/2007,Nữ,D25DTVT04,2.82
B25DCVT2291,Trịnh Công Sơn,15/08/2007,Nam,D25DTVT04,3.9
B25DCVT2446,Lê Thành Phúc,07/04/2007,Nam,D25DTVT04,2.0
B25DCVT3680,Nguyễn Thanh Lan,23/03/2007,Nữ,D25DTVT04,3.03
B25DCVT4377,Nguyễn Thu Hương,15/06/2007,Nữ,D25DTVT04,3.26
B25DCVT8503,Trịnh Bảo Vinh,29/09/2007,Nam,D25DTVT04,2.64
B25DCVT1521,Lê Công Quân,25/12/2007,Nam,D25DTVT05,2.14
B25DCVT1722,Đỗ Thanh Linh,18/03/2007,Nữ,D25DTVT05,3.12
B25DCVT2198,Huỳnh Uyên Vân,25/06/2007,Nữ,D25DTVT05,0.62
B25DCVT2925,Đỗ Đức Tùng,11/01/2007,Nam,D25DTVT05,2.17
B25DCVT3301,Phạm Xuân Nghĩa,02/05/2007,Nam,D25DTVT05,2.88
B25DCVT3647,Lương Tuấn Dũng,25/04/2007,Nam,D25DTVT05,3.48
B25DCVT3694,Phí Diệu Châu,19/06/2007,Nữ,D25DTVT05,2.1
B25DCVT4342,Đinh Thành Phúc,03/11/2007,Nam,D25DTVT05,2.57
B25DCVT5365,Nguyễn Ngọc Hương,05/07/2007,Nữ,D25DTVT05,0.96
B25DCVT6420,Đỗ Ngọc Quân,30/09/2007,Nam,D25DTVT05,2.04
B25DCVT8599,Đặng Mỹ Mai,08/08/2007,Nữ,D25DTVT05,3.11
B25DCKT1594,Lương Công Long,24/07/2007,Nam,D25KT01,3.63
B25DCKT1654,Bùi Thu Hương,14/11/2007,Nữ,D25KT01,0.02
B25DCKT1966,Hồ Bích Tâm,16/04/2007,Nữ,D25KT01,2.78
B25DCKT2123,Huỳnh Thu Lan,13/11/2007,Nữ,D25KT01,0.45
B25DCKT3115,Đỗ Mỹ Hà,26/02/2007,Nữ,D25KT01,2.0
B25DCKT3255,Ngô Mỹ Hoa,14/03/2007,Nữ,D25KT01,2.48
B25DCKT3608,Đinh Hoàng Tùng,30/03/2007,Nam,D25KT01,2.59
B25DCKT5418,Võ Hữu Khánh,29/01/2007,Nam,D25KT01,2.7
B25DCKT9157,Hoàng Ngọc Quân,12/08/2007,Nam,D25KT01,2.79
B25DCKT9186,Trương Đức Vinh,31/10/2007,Nam,D25KT01,3.28
B25DCKT1405,Võ Bích Anh,17/11/2007,Nữ,D25KT02,3.97
B25DCKT6485,Phan Kim Tâm,13/12/2007,Nữ,D25KT02,2.38
B25DCKT7207,Đỗ Mỹ Tâm,22/08/2007,Nữ,D25KT02,2.22
B25DCKT8652,Lê Ngọc Hùng,24/04/2007,Nam,D25KT02,2.94
B25DCKT8725,Lý Thảo Anh,07/05/2007,Nữ,D25KT02,2.38
B25DCKT8766,Dương Uyên Thư,26/05/2007,Nữ,D25KT02,3.44
B25DCKT0698,Đinh Mỹ Châu,29/04/2007,Nữ,D25KT03,0.89
B25DCKT3078,Lương Uyên Ly,25/02/2007,Nữ,D25KT03,3.39
B25DCKT6561,Đỗ Đức Long,30/12/2007,Nam,D25KT03,3.06
B25DCKT6878,Võ Mỹ Hương,17/10/2007,Nữ,D25KT03,0.02
B25DCKT7105,Phí Phương Mai,18/05/2007,Nữ,D25KT03,3.31
B25DCKT8991,Dương Công Dũng,03/05/2007,Nam,D25KT03,2.98
B25DCKT0138,Lương Ngọc Phúc,19/06/2007,Nam,D25KT04,2.12
B25DCKT0551,Đỗ Phương Vân,12/03/2007,Nữ,D25KT04,0.13
B25DCKT2166,Phí Thị Châu,22/03/2007,Nữ,D25KT04,2.39
B25DCKT3490,Lương Công Hải,05/04/2007,Nam,D25KT04,2.02
B25DCKT4561,Đinh Thu Hà,21/05/2007,Nữ,D25KT04,2.35
B25DCKT8269,Lý Thành Nam,20/12/2007,Nam,D25KT04,3.57
B25DCKT8755,Lý Đức Nam,23/03/2007,Nam,D25KT04,3.31
B25DCKT1024,Võ Đức Dũng,01/09/2007,Nam,D25KT05,3.65
B25DCKT1173,Đinh Công Khánh,21/10/2007,Nam,D25KT05,3.3
B25DCKT2087,Nguyễn Thanh Tùng,11/04/2007,Nam,D25KT05,2.72
B25DCKT2759,Lê Thị Anh,30/08/2007,Nữ,D25KT05,3.13
B25DCKT3540,Đặng Công Phúc,27/02/2007,Nam,D25KT05,2.92
B25DCKT9143,Dương Thành Sơn,18/04/2007,Nam,D25KT05,0.4
B25DCKT9443,Lê Mỹ Mai,20/04/2007,Nữ,D25KT05,2.37
B25DCLG0312,Huỳnh Thảo Trang,30/03/2007,Nữ,D25LOG01,2.45
B25DCLG0542,Dương Hữu Tùng,07/01/2007,Nam,D25LOG01,3.64
B25DCLG4474,Đỗ Đức Phúc,08/07/2007,Nam,D25LOG01,2.69
B25DCLG5768,Lương Thu Ly,15/01/2007,Nữ,D25LOG01,3.85
B25DCLG6436,Bùi Tuấn Nam,19/10/2007,Nam,D25LOG01,2.29
B25DCLG6640,Trịnh Thanh Dũng,12/10/2007,Nam,D25LOG01,3.08
B25DCLG6942,Phí Thanh Nga,02/08/2007,Nữ,D25LOG01,2.87
B25DCLG9071,Bùi Thành Nam,14/07/2007,Nam,D25LOG01,2.8
B25DCLG9852,Dương Công Khánh,24/12/2007,Nam,D25LOG01,2.47
B25DCLG3510,Lý Kim Ly,27/02/2007,Nữ,D25LOG02,3.18
B25DCLG4977,Hồ Tuấn Minh,25/02/2007,Nam,D25LOG02,2.95
B25DCLG5302,Trịnh Đức Hải,09/08/2007,Nam,D25LOG02,0.33
B25DCLG6788,Hoàng Uyên Linh,07/01/2007,Nữ,D25LOG02,3.49
B25DCLG7038,Đặng Hữu Sơn,14/03/2007,Nam,D25LOG02,2.01
B25DCLG7689,Ngô Kim Hương,12/11/2007,Nữ,D25LOG02,2.47
B25DCLG7838,Hoàng Ngọc Huyền,17/12/2007,Nữ,D25LOG02,2.84
B25DCLG8604,Đỗ Diệu Hà,02/10/2007,Nữ,D25LOG02,3.95
B25DCLG9020,Trần Thanh Nghĩa,02/10/2007,Nam,D25LOG02,2.07
B25DCLG0226,Ngô Thanh Nam,08/05/2007,Nam,D25LOG03,3.11
B25DCLG0336,Hoàng Phương Nga,21/12/2007,Nữ,D25LOG03,2.02
B25DCLG0506,Ngô Thị Hà,20/07/2007,Nữ,D25LOG03,2.79
B25DCLG1171,Ngô Thu Trang,10/10/2007,Nữ,D25LOG03,2.95
B25DCLG1964,Đỗ Quốc Cường,09/07/2007,Nam,D25LOG03,2.77
B25DCLG2410,Phí Khánh Trang,11/08/2007,Nữ,D25LOG03,2.62
B25DCLG2759,Phí Tuấn Dũng,17/01/2007,Nam,D25LOG03,2.32
B25DCLG4200,Đặng Xuân Nghĩa,26/04/2007,Nam,D25LOG03,2.51
B25DCLG4514,Phạm Văn Vinh,17/10/2007,Nam,D25LOG03,3.3
B25DCLG4912,Hoàng Minh Quân,29/12/2007,Nam,D25LOG03,2.23
B25DCLG5123,Nguyễn Thị Ly,02/06/2007,Nữ,D25LOG03,2.57
B25DCLG5360,Dương Thanh Vân,21/10/2007,Nữ,D25LOG03,3.23
B25DCLG6168,Ngô Minh Sơn,16/08/2007,Nam,D25LOG03,3.77
B25DCLG8449,Lương Công Quân,25/02/2007,Nam,D25LOG03,2.94
B25DCLG9001,Phan Gia Tùng,21/08/2007,Nam,D25LOG03,2.68
B25DCLG1973,Bùi Diệu Linh,28/06/2007,Nữ,D25LOG04,2.03
B25DCLG2672,Võ Uyên Huyền,25/04/2007,Nữ,D25LOG04,2.55
B25DCLG4140,Lê Khánh Hoa,09/07/2007,Nữ,D25LOG04,2.61
B25DCLG4496,Phí Ngọc Dũng,29/09/2007,Nam,D25LOG04,3.16
B25DCLG5379,Nguyễn Khánh Hương,08/12/2007,Nữ,D25LOG04,3.53
B25DCLG7081,Đặng Khánh Châu,03/01/2007,Nữ,D25LOG04,2.36
B25DCLG9990,Đặng Thu Ly,28/02/2007,Nữ,D25LOG04,2.6
B25DCLG0540,Phan Văn Quân,04/10/2007,Nam,D25LOG05,2.51
B25DCLG0607,Lương Xuân Cường,24/02/2007,Nam,D25LOG05,2.42
B25DCLG2370,Trương Văn Nam,12/08/2007,Nam,D25LOG05,3.22
B25DCLG5205,Trần Tuấn Minh,11/12/2007,Nam,D25LOG05,3.51
B25DCLG7531,Bùi Ngọc Phúc,13/08/2007,Nam,D25LOG05,2.46
B25DCLG8677,Nguyễn Thanh Lan,23/06/2007,Nữ,D25LOG05,2.85
B25DCLG8740,Đặng Phương Lan,06/06/2007,Nữ,D25LOG05,2.52
B25DCAT1234,Vũ Hải Phong,01/01/2000,Nam,D25ATTT01,2.0
B21DCAT1771,Vũ Hải Đô,01/01/2000,Nam,D21ATTT01,2.0
